Feature1,Feature2,Feature3,Class
-0.457872700559932,-0.7847823634832592,0.38819189251436553,0
-1.0979365693870726,-1.636184248857739,-0.9690212536386078,0
-0.029113553831659034,-2.0655623808293253,-1.3545051460074162,0
-0.7874507532243675,-0.2637956190772897,-0.6632243690963874,0
-2.140041131851884,1.2383063908472107,-1.5319242925305863,0
-0.8009195386199952,1.0128913145221856,0.7201699593989574,0
-1.0933757026031892,1.1654201238965742,2.0551170633761147,0
0.26387203361369405,0.7903632434108883,-1.2638532552404829,0
0.47739798726611177,1.0485120897054219,-0.8442983009324033,0
-0.8510255193759089,-0.0681541867989131,-0.3931473057356161,0
2.3532136892545217,-0.1077846142687346,0.0513772369439479,0
1.5425227631820344,1.371475978157959,-0.7432566685947015,0
-2.1897429323583903,1.1461384175504212,-1.1275977531526922,0
0.6854593869959082,-0.6365298016907497,-0.03166175899844264,0
-0.19653095933077253,0.8451541870304973,-1.3234704512139435,0
-0.14509406409164727,0.6665687037415069,1.4425098325669332,0
-2.1253792323240215,0.25821763868095704,0.3668378965591574,0
-0.5480906133237403,0.5332843042131284,0.8722155233142312,0
0.4730015229728795,-1.3375344402954747,-1.452611163665786,0
0.49002232902037807,-0.15375997331702115,1.0519783482633733,0
0.1161547789132607,1.0868430968689604,-0.7958327649012148,0
1.4937557867360254,0.5491170529273728,1.8062588138004927,0
1.116037939205253,-0.5061787296112337,0.253418736336692,0
0.6858758548295417,0.019882366626845786,1.7596719577931885,0
1.839878777027098,0.34614351814545985,-2.704674992462815,0
-0.352567379596788,-0.912822369131732,-0.7167713404242422,0
-2.2041399936200397,0.8722737528828408,0.001388571143412565,0
1.4310705157518255,-0.8975221174405261,-0.8726638631153184,0
-0.13379293586454702,0.8464278080411429,1.356691345606568,0
-0.7836677474628749,-0.35402159435695796,0.39542431041691345,0
1.030974150591826,-0.2837667204709064,-0.8507137980069592,0
-0.17738568303439456,1.1355414360876839,-1.1893637871074376,0
0.11783311568201582,-0.476154174100632,-0.17971008039605765,0
-1.3896406481994845,1.083837569611625,-0.10053247268447231,0
-0.6735886858617747,0.8369368685814178,0.12384444768778965,0
1.8179487445066655,-1.4055566552951673,-0.28363712297863986,0
-0.13936717204802723,0.46350678370398385,-1.9660896886365986,0
-0.029997194369996812,-0.9449264383771936,2.3739553181406103,0
0.4374696313294715,0.10855793349058494,0.025106328521356983,0
1.8647842141822966,0.5997404958880097,1.1681551461499786,0
-1.4956908851268413,-1.0815646894960926,1.0651282589695765,0
1.3260978717928487,0.5768672731419348,2.7423352774658936,0
-0.06542221748627317,1.4090706569915326,0.6733586161273353,0
-1.4080558327595643,1.279844856435845,0.5242009447025903,0
1.1519148871198943,1.4184558171714579,-0.405599128979517,0
-1.7065183980251697,-1.386573275852456,-0.9956148459328674,0
-1.8054002600231134,-0.5102662315021467,-0.03441923584681177,0
-2.4899352460254014,-0.9174428156182245,-0.2774741683059502,0
0.760423338014941,-0.1890093004825627,-1.4234173321908852,0
1.2947020745502273,1.2382339689389115,0.8889017615169182,0
0.26702295324458286,-0.1957141555131051,-0.8263861748333465,0
0.22070951673092276,-0.1364236967427265,-0.8431534871336898,0
-0.47683318832573135,-1.999379342428323,-2.155938390079145,0
-1.463764887748699,-0.6529207316992146,0.5500408601838971,0
-1.5855037493290076,-1.3944268151557284,0.4441677724102372,0
0.5780634762213835,-1.599226343188773,1.506582366096464,0
-0.6426898879826564,0.978661938297273,-0.6321458257547555,0
0.35808488940002964,0.8847527267296559,0.7528969626177318,0
0.7443391924241117,-0.7115960889329821,-0.2360908271648813,0
-1.224571301108714,-2.677720823613291,1.9107677504029876,0
-1.2353163250053862,0.0474130042190183,-1.2359697660702926,0
-0.5455612469262479,-0.7547209474438277,0.47030373106364326,0
-0.3065420296114939,-0.2099610792203865,-1.045303316542114,0
0.32486958709735453,1.6939743400021168,1.6519310241875056,0
-1.4831735832285067,0.23849825284967133,0.22013549751067144,0
-1.1845318517902166,-0.12348378526251971,0.0671601691997108,0
-1.292256779465668,0.3084325752292048,0.4634900779847912,0
0.8168545751307609,-1.5702089548632365,0.5867712060642705,0
-0.2712851159407068,1.882518910575406,1.318052731362415,0
0.09975228880496832,-2.3360695336331747,3.3758415625128904,0
0.8728004494871648,-1.5676182213164926,0.4788276581406228,0
-0.7421449168763495,-0.9337919874339481,0.439620963679901,0
0.19725404301924404,1.2238327053744922,-0.04279594617264535,0
2.5562304101283915,-0.424397344911429,-2.1388698331272864,0
-2.118198320585306,0.0849704943965817,-0.592344997433698,0
-0.4921204416424672,-0.9235874901845665,-1.5983249403021096,0
1.1730897839610277,0.8350508436811329,-0.4271440138177244,0
-0.04253985352487167,-0.029793162011957138,-0.742504979760407,0
-0.4211991007050134,-2.084893942610163,-3.119976802981277,0
-0.8627596589808377,-0.253939303810877,0.8110997411763322,0
0.2967406521505016,0.810577564708935,0.9034859116909303,0
-1.776236183491216,-0.3702768763044398,-0.6052770034107213,0
-0.5237593217810103,0.1859361049342117,2.0241538489229827,0
-1.6400183918500855,-0.27138549066315054,0.8410333014050145,0
0.0019805375931491054,-2.433726443488589,-2.6745992456827006,0
1.6815774803876318,0.2829727821843231,-0.5994268441357308,0
0.6356110758016864,-0.5265578081856718,-1.2179352741642768,0
-3.4473529829923355,1.930919481432623,-0.5318617178179326,0
-1.2892289272552724,0.23827395678492605,1.8607000061415977,0
0.31695253655164524,1.8688986257371418,0.9103172948318817,0
-2.4222384357897204,-1.5335783381075272,0.5727611150765382,0
-1.0943647118339255,0.2529852202115007,0.5671211337285521,0
-0.7677609812142039,0.0047935709859680785,0.04418369905567529,0
0.3098067688079033,0.1569936892283368,0.8177396120430231,0
-2.331350066721817,-2.1710818586415,1.4058262833102149,0
0.9026356273380081,2.1901747449697506,1.5780682394468826,0
-0.8256908507968638,0.02352842922373236,-0.2617610346550138,0
-0.40299901074725386,0.5318311666089653,1.144428612836085,0
-0.994336526773488,-0.46324993550356164,0.7737795375226002,0
0.683966627251787,-0.979666360637657,0.3430802656729798,0
-0.17833559697908363,0.9622951977892691,1.2131058651377877,0
-0.3701136588407774,-0.7700761470766232,-0.19483548744838372,0
-1.3843050374268295,-1.4807005304300758,-0.046501830791660155,0
-0.1727583187086259,-0.08200284034009953,1.1876466746045633,0
0.36397709723250504,-1.863813116449628,0.7293459224841836,0
0.7441234710858987,-0.21376052528198336,-0.39794500218717266,0
-0.32764356645355325,-0.36857386421787725,-0.0546017767903831,0
-1.3176139280955441,-1.1529588384386313,1.8158593108030323,0
-0.8091108723892209,1.3123601266914495,1.7834160367682519,0
0.2071785545332946,-1.47659746775549,0.12017083834578843,0
-0.9727806446528313,0.39088628143036375,0.1961477182438627,0
1.447109348917585,0.43077610975595043,0.07574703600161851,0
0.09450692970878923,0.9791012013794024,0.8587004752685875,0
-0.5895599976634172,0.9557045704805822,0.6281963405782479,0
-0.6677684946827575,0.11592675719403737,-0.511327048640204,0
-1.6425607669793627,0.9176744458863134,-1.2823414100153028,0
0.15651725365903826,0.8408793736772261,0.6920927602599438,0
0.11339453539493538,-2.100714082898603,-1.0158547428530897,0
-1.0793027814749958,0.4829536522417539,0.12263836229730081,0
0.5499968322620898,0.5203672459758419,-0.690670792273537,0
1.381459057493803,-1.2753430661971885,-0.5685814155971894,0
0.543724163899015,-0.6403969372788736,-0.6800494935599903,0
-0.11628068187520268,-0.31293254429508344,-0.02167929887167995,0
0.4376236874396461,0.7268886261738232,0.8686819155511655,0
0.1338593450661911,-3.009231183984812,1.2071959941750927,0
1.37100231223494,0.45834270357968976,0.45268338658943486,0
-2.0692168693317043,-1.945468586882768,-1.8154301537042103,0
-1.9513586848336755,1.8833367997908788,0.07632761395993481,0
0.5738138709192098,0.7135537381697122,0.6949833651789821,0
0.008354613976191728,-2.4640676661854974,-1.6326646501184419,0
1.0979573387134998,1.3675308893726539,-0.87669110339321,0
0.27776661118015117,-2.5552774864251906,-1.5362244116094825,0
2.4384147000781464,1.4934178983814848,0.5843916044589031,0
-2.4017370056095326,-0.5376946642749099,-0.9977249756927297,0
0.06834746383562548,0.14597203020666982,-0.44151821459684115,0
-1.5043406290609989,-0.2120647532678975,-0.31434867659979504,0
0.4604122908553853,-0.6514767022638708,0.5559231749482834,0
-1.0960713547734489,1.5535153247134843,2.0004253029752794,0
-1.0701607252369858,-0.6596057262326297,1.420036207907844,0
1.2152596214344558,-0.6979911127921737,-0.14772866635562978,0
0.76598315188681,-3.1762016881272737,-1.5162094255934175,0
0.09629090317647351,-1.9880240718532787,0.737677972672731,0
1.239858748711286,0.4428309959467685,1.4188100565256918,0
-0.21026526653042552,3.4365431309407595,-0.9120096810856778,0
0.864388406784717,-0.5792592062011688,1.4878649049189994,0
1.7923167515328995,-0.2928943263115367,-1.5770350123983898,0
0.8770994017744682,1.9262388918501914,1.2426688405907476,0
-2.22713827819392,1.0077534089087252,0.20061325118374762,0
1.4433585819909232,1.1254198072916437,0.9284338667337227,0
0.015166408835510849,1.7711989448933891,-0.4734508596595391,0
1.1185395679229306,0.023883890970336285,-1.0404601332386372,0
-0.8239272493861538,-0.061147119908186755,-0.9494597843832605,0
-1.0415813124896782,0.8099179777299941,-0.34285664744229094,0
2.80753040371361,0.5398208333639687,0.3867401268285912,0
0.6300501613381015,0.7884128748143895,0.219893748105994,0
0.7581432895097605,-0.3036764995365213,0.7605699815799011,0
-0.31683915094201615,1.004392865610041,0.08041104726231356,0
-0.4196122521876055,2.926870551746768,2.6823546011879893,0
-1.2188074642997662,-2.088686984927956,-0.24962778791808743,0
3.1253119580295525,-2.1970798590927507,0.5165626890819874,0
-0.8959737323127818,1.2049034118907742,-1.3548629722931103,0
-0.8732421149370944,0.6452429487326617,-1.372254348386725,0
-0.889970829146313,0.6160661151013772,2.091986284341625,0
-0.5691597528944489,-1.6275664885181977,0.975652708520365,0
-1.0487352942173744,-0.29113394934451764,1.5374393111976599,0
-1.422094436311089,-0.10631743076711804,-0.3217391388585743,0
-1.0552611634422038,1.3210784977899812,1.5161059443566056,0
-2.6171578924931156,-1.8822315052218037,-0.2472188098362053,0
-0.13877652893472492,1.2311938407531688,-0.1751815066153975,0
0.5743014330991179,1.337818976755462,-0.36592895813695936,0
-0.19554410898099533,-0.21055027225561318,-0.36071316823411825,0
-0.15271148131746579,1.0611886370535186,1.2630070229463481,0
-1.3488350310416661,-0.1992512712598261,-0.031696563142286596,0
-2.2618830820320945,-0.3591745510422184,0.35810424194267104,0
1.0264413958134186,0.8336017007923238,-0.47133878373243104,0
-0.7613443661266931,2.8880923161512833,1.1762948184316118,0
-1.1581255581956613,-0.15006968724627007,0.5998774984602309,0
0.9136602826608573,2.4955603365856622,-0.31086472966414885,0
0.4554868770514584,1.094458282172788,-0.5019894286254665,0
1.3362836796453574,0.23038755704054034,-0.49037935128952376,0
-1.7213157371303998,-0.69920330206902,0.23180461442863848,0
-3.461534831861644,-0.31034249257160645,-1.1768179079845535,0
-0.5610045050015934,-0.7455760567933303,0.08989341000534741,0
0.439724789725327,0.7475013972411118,0.14614827414630258,0
-0.3928543218298473,-1.6499629901778654,-0.30239991998138777,0
-0.28029143014012836,0.8825523387150837,-0.14285218495124619,0
-0.6921251828168019,-0.39604660384413687,0.13294623856931456,0
-0.20083804282388604,-2.764635872596161,-1.4824145105318638,0
-1.0259456085672372,-0.47499521047878585,-2.5171713898410784,0
-1.454706892472887,2.1934799726261236,0.4186583267327416,0
1.7990543198378899,-0.905601640208744,0.0862925506237543,0
1.1243247996558179,0.7412805792478555,-2.1227124874956256,0
0.7729323400358676,-0.06170986726243269,-1.6419727645166768,0
-0.2541680036472891,-1.3687929105603658,-1.0250290985652024,0
2.1077764673502277,-1.85725370732067,-0.4430919849604643,0
-0.6008446712984085,0.23654916776459692,-0.8833983350050673,0
-1.4000648854791007,-0.6397250239471342,-0.24174408905340353,0
0.773923576998334,0.2295992801115895,0.5012131330511926,0
-1.1243665625624237,-0.9137181946193473,-0.7205312237132863,0
0.04828188736730173,1.2327494222162942,0.9184091164475,0
-1.4666173132206095,-0.829285898649731,0.5714619361453005,0
-0.3941138988836678,-2.541178175415581,1.0612209675884179,0
-0.8408083983554425,2.1789352309523733,-1.1543666565761055,0
-0.12406961319742338,-2.07398444898486,-0.8995241433587463,0
-1.4911062984394388,-0.7711842993171354,2.3559587934133415,0
0.014071560490062373,-0.4846723454456932,0.617824454376929,0
0.00941325631055328,-0.3750762806569786,-1.0338087553102961,0
1.7231615970327505,-1.9361558769067524,0.8083522848807894,0
-1.4048576187118225,-1.304165880987562,-1.6949142985789643,0
0.08209812363927181,-0.29567688006509707,1.1087235900380468,0
2.619921675582434,1.405938308224917,0.5091727704182711,0
-0.7877783043533966,1.6087809622869091,-1.2420093169897983,0
-0.32380599242372504,-0.5261198531891388,-1.6683959140137774,0
0.28574975110775996,1.0662842343095862,2.3070481204980022,0
-1.478963630918502,1.0861463252499544,0.09179386488172976,0
-2.7790225444938152,1.5674686815781689,0.4382531991964722,0
0.8040773527383307,-0.749521070835826,1.8043291114921365,0
-0.8744141350297611,-0.8072183408195441,-1.6016656565821679,0
-1.3785659517855344,-3.127930378458444,-1.3028648517544927,0
0.2355156790584394,-0.004818318286066312,-0.1523684725404656,0
-0.27199724168170186,0.9498234157040923,0.3315428826578116,0
-0.4757829987399501,0.934782715837102,0.47163912763819293,0
1.8981225344315678,0.6492262858321104,-2.6153487334411096,0
0.8369171448579991,-1.07676462035267,-2.711059525216447,0
-0.1489868788097966,1.1226899759918145,-1.1305739179376755,0
-0.8509105930506387,0.7619618609432735,2.225128364117279,0
0.8267098366279049,-1.9783392331895304,0.05221995747908802,0
0.040205909238532844,1.4065894298257162,1.1130497828778783,0
1.4715456431936056,1.2407633593075573,0.2973744664918401,0
0.9637302369078072,-0.04156145148838422,0.5250019130317142,0
1.5121666341816582,0.32723194403520106,-1.0070812496503052,0
0.31395653085090564,-0.8896106605235173,-0.6881808282747085,0
-1.5854692705959552,-0.18331980753386304,0.8857803219168577,0
-0.5121167391663611,0.05419932492810128,1.170793822058702,0
-1.0679138142891977,2.083779195747822,-0.9547788762647509,0
-1.8114687312926352,-0.8270442121809511,1.5460454468816676,0
3.003279805541981,1.6568009502493566,1.0402477692066383,0
-0.5565727609747839,0.2086685980399875,0.5040131355787615,0
1.2164106892001911,-0.49722930561649287,-0.014949969899670533,0
-0.47731669921702635,0.005415986089624858,-0.08374959163631271,0
-1.9728340890046414,0.9220996160185061,-1.2296804629951246,0
-0.2224475676912657,-0.9004308272721238,-0.5771255262909504,0
0.39203973119849145,0.02887150457634554,-0.5736734957250528,0
0.6931748793050474,1.22500982848395,-0.570458563032775,0
-2.1274259465273064,-0.1186672153183556,1.003990074562157,0
-0.030361211673079917,-1.0630580750137502,0.6711181317698119,0
0.252671688945122,-1.7522093652495656,-2.7491360899410897,0
0.036209345810021956,1.8115905870208382,0.7572409485623693,0
-1.0881566050842344,-0.3668667856150054,0.011009880367974303,0
-0.17892145715492389,1.727309223653067,-0.8885884785954548,0
-0.9094772839444265,2.09756754058123,-0.2925026540731594,0
-1.741522694998804,-1.8534346124907108,2.119022098573204,0
-0.03692920296406659,-0.3460722547468423,-1.1002419357346112,0
-1.0243095229784511,-0.6294523885664568,-0.1637080179572506,0
-1.5909548841294463,-3.479495336046058,-0.1842627240338533,0
0.27670396759769916,0.179077353559296,2.0646924252211902,0
2.2917129894104518,-0.33745164792184906,0.7628756057737295,0
0.9597627512083607,0.016007241198043472,1.1385999063305963,0
-2.024404679278977,0.2416930099668321,-0.810486908693765,0
0.02993260099484146,0.09212186205434968,0.7323268967435432,0
-1.5695472807116044,0.24295533840826308,0.4493691905049958,0
0.21840365704634948,-1.4041138593117373,0.6556402513002211,0
0.035335200019526385,-1.1836321985871523,-0.5513997459507377,0
1.3891059469376041,1.7240043363539566,0.9882318056719415,0
-1.4929248589661424,0.666877209365017,-1.0109600900394307,0
-0.6638736812790816,-1.5118212877768624,0.12488106299120462,0
-0.02554620163666382,-0.4092317488163984,0.8838492540425297,0
0.41454436729531907,0.7555985852030501,-0.19459631527272866,0
-0.102810279658278,0.5767556725592373,0.47484049031584247,0
1.6747434597867223,0.3534804036766632,-0.7804959379733263,0
-0.4385494428111952,-0.1343488424941709,1.5436042505922711,0
1.0790936938103597,-0.12994118767298984,-1.6628583696695025,0
0.8145831976237758,-0.7549210713210734,-0.17272171481451523,0
-1.2231944752648074,-1.59140734553093,0.880729175421262,0
-1.663354472154599,-2.4299463231480596,-1.549979915630149,0
0.9274432047383667,-2.260528610195779,-1.4477851438728193,0
-0.010825001373784084,1.1511058481902685,-1.0422294795032496,0
-0.5432288382742966,1.8548210554601414,-0.14010714593886758,0
0.20478947691343394,-0.6618286393127307,1.4778436403759974,0
1.640150753153986,0.8388224097733954,0.17351791583973636,0
0.8122696608703954,0.1874482023159925,-1.142332431993333,0
-0.055304364815011546,-0.7250957998172768,0.2573122288532621,0
2.5379632956500426,-1.2113161138648803,-1.080472847467347,0
-0.3554823758486173,1.1344769857784467,-0.18278437908938538,0
1.587292825508029,-0.3180265393193852,1.5347826138958907,0
-0.6068574948029603,0.8809387225647939,0.852042477141494,0
0.9890826502218796,0.3001498065267107,0.3933463550364419,0
2.4528409638087014,0.43197997085496204,2.2955691065801616,0
-0.09117622072989925,0.8021552452051595,0.6370200077975539,0
0.4389700742643675,-1.4748463936469998,1.676779991490946,0
-0.7075845654498897,1.105284694356358,-1.1320668471630815,0
0.2932206430187898,0.20246579018017558,2.10140392945966,0
0.5343482644919652,0.5279217593564351,0.2182205485565017,0
2.1070952183225287,-2.3666656481362502,-1.4443117615260685,0
1.379860427487737,-0.14582068953952668,0.7682943019317546,0
-0.3836449411422594,-2.3469328691322118,-1.3606508389864838,0
0.8384792655232904,-1.5277854079465663,0.34390664319521996,0
0.8238531074164406,-1.5429600684691227,0.7271603970371876,0
-0.06139193410333413,-1.8914252069098896,-0.9481124841517145,0
1.2671067845937678,-0.40665754716420865,-1.0174360068430717,0
-0.6358983685239014,-0.2768939367231628,-0.1085236338982576,0
-0.5107328289786941,-1.6422442308694987,-0.6303620613952672,0
1.5452276729230479,1.049937928981863,1.214748437410115,0
-1.5572049338410765,-2.5478727380885617,-0.8491455733275353,0
1.580821355981664,-0.9759647219951783,-0.42419413466199224,0
0.4966600119835822,-0.682254732244059,-0.04175464378705112,0
0.4132892835699634,0.03548094345788165,1.2339541697586085,0
0.751416386977659,1.4447496510885627,-0.16851356650292953,0
-2.302064709634279,-0.5340234116710234,-0.9463750261001207,0
1.4948698089976922,-1.1357451952466406,-0.4592308749863179,0
2.422856112669532,0.3762435342468234,-1.355280690676811,0
1.7336880814041884,2.6399607714307853,0.5779712111184496,0
1.33219662307657,0.8145428971026815,0.6612984312972905,0
-1.1159533747369097,0.9206925595560547,1.2926708689967485,0
-0.5551040750363201,-1.449300482115322,1.4577974271308565,0
-1.029038016942661,2.2433014196004204,0.0778692702145022,0
0.3011249608936151,0.03790050050201792,-0.24050159713448593,0
-1.6237543861004566,-0.41467806109039884,1.372365835930048,0
1.2463480245059206,-0.5380862631434428,0.2255542800297434,0
0.3438536608918406,-0.9795001878052706,0.12388259449117943,0
1.0771151828804284,-1.449477423634524,-0.31124337216906584,0
-0.5595734409138768,-1.3675876785476846,1.0358094765077221,0
2.3404125107607423,0.01553612556096229,0.07041729778587962,0
0.9718566877157069,1.9259293672515592,0.05601834860016637,0
-1.1612669958266595,-0.5444488547120224,-0.7713244868409952,0
0.6755917307371757,3.411944198655832,-1.3106687929086032,0
1.67992582446667,1.2589792389299885,1.4617366305724149,0
-1.2884394582815735,-0.056564152927114655,-0.13608370639237136,0
-1.3257021101003612,-0.051899728561229784,1.5983974089430861,0
-0.733385984757038,-0.9660191109089816,-0.39145961534699325,0
-2.327208894789725,0.767050738811351,-0.07729313895434453,0
-0.6949504241004928,1.381337958559404,0.20716447261545695,0
-0.28474750060638054,-2.231988586454943,-1.5468705922239117,0
1.1601816642334661,-1.6775117117522158,0.41532228664114046,0
-0.7686065489386547,-0.04862654780559065,0.7253836688449947,0
0.7249903077420864,-1.1226835831058228,0.29384566096049963,0
-1.2296728407199924,-1.5286885423996546,0.8027589470095345,0
2.1780960349070417,-0.9096222628630383,-1.0338043806482209,0
-0.7284832304443213,-1.9266863301831207,-1.5348568986037188,0
-0.0963404826154486,0.5633353291187562,0.695659950946616,0
-0.9161669462575333,-0.3603971280126342,-0.2144412232013623,0
0.6593332763229205,-3.52590320499532,-0.8951544315855897,0
0.08180270507875038,-0.33646779796102316,0.5548969822988712,0
0.3680199079461223,1.9899833315480981,-1.0506371840502267,0
0.502063208181435,-0.5864003628594435,-0.7519896884717242,0
-2.15027733593241,-0.7752066070706186,-2.048422823827422,0
0.9380122631269153,-1.3922717319662774,1.368329293907357,0
1.432578231922661,0.07954818296353165,0.05561266898875915,0
1.0289803852138353,-0.44303942134905155,0.5997040772662101,0
2.428255408777726,0.697293486586083,1.935899287270186,0
0.7591387817119538,0.38328724698138555,0.741460034612346,0
-0.7147626429597543,0.19394959113390736,-0.7065141635132621,0
1.265936418520533,-0.7086581233709076,0.3826792600361981,0
1.1750269250142085,1.195355323104456,-2.65098873247542,0
-2.520519204398868,-0.45626620873541857,-0.705687878313617,0
-0.8331094870844601,1.484405890858855,1.8543180835999922,0
0.6412600346182258,0.4241934309228053,0.14751220078965172,0
-0.12629942134908184,-0.11398808076154915,-1.4861485627648676,0
-1.0258773298048647,-0.3753698931739712,-1.9387932215872221,0
1.8347416946175994,-0.4907785462036937,0.839397475956601,0
-0.17017155498996417,0.7012238142006728,-0.08639840745227685,0
-0.7677334802554168,-2.8367151581343846,-0.6923575483345639,0
-0.3060550852040772,-1.2474727278224031,-0.804099149744435,0
0.033817673492896015,0.2829118605102732,0.0733939062936969,0
-0.3841522974319838,-1.1812647027928422,0.32764071363168834,0
0.22035006778777633,0.8319085365194587,-1.890420236109957,0
-0.18133682400406925,-1.6436494939467359,0.44841438849229176,0
3.901846286359601,2.594548166432183,1.0661071132235183,0
-1.7800587642801702,-1.0995730044888306,0.1613045156569786,0
-0.17402131657972708,0.8112143165540411,2.4572977901047808,0
0.3044609422514196,-0.20426283148777466,0.9051415105099017,0
-0.1305249793127522,-0.804971634323469,0.07922774138510362,0
-1.4188234030660367,-2.9428535560739135,-1.021251661338499,0
0.5607641322987278,-2.221047863028663,0.4628394558774056,0
-1.674846446941467,-0.8817084706356036,1.3947956332256455,0
1.0056113915836888,1.5331307368647213,-0.1817802467444799,0
0.3792542738302617,-0.1952613978635127,0.2987053417687966,0
1.4989680564963477,-1.4114926063640314,0.011025258560822543,0
1.1325082300825198,-0.6004021884725872,1.1420358375386186,0
1.3066480862748548,0.9366233244769474,1.220460254522817,0
1.670332485836133,-0.20571665911827428,-0.17241035696487894,0
-0.25939295164568327,-0.07888370476565396,-0.02630061465063143,0
-1.0238253664095098,1.3547503751725816,2.278351775739481,0
-0.5074449586221025,2.296979729542945,-1.5104276491692121,0
-1.1550214231568126,0.7334344349291532,2.076234782673649,0
-1.4156828094550944,-1.7722697197752442,1.7419233696094534,0
-0.7916990965137063,-0.07077372747962396,-2.859949133161713,0
-2.722248145654986,-1.4939250334294951,-2.565671167023647,0
2.0193562395304103,-2.8661012247858118,0.4927276941183186,0
0.292797539647637,-1.2761052999582192,0.4562098684493543,0
-0.12410366346527273,-1.0802192774240633,-0.3224013234107627,0
-0.7726807631422861,0.5241435769387848,-0.13968600513852977,0
0.8862126351468218,2.4622065795307093,-0.07681675400617914,0
0.7519129381747002,0.7097307413292028,1.876067545327832,0
-2.17913383093775,-0.013692425401113217,-1.2135989764786292,0
-1.586221878698623,-0.6012836886473174,-0.5661980551454856,0
-1.3666243832485325,-0.2648527369439233,-0.05207237207963236,0
0.07908152900812608,1.7532766521168355,1.064243203657922,0
1.373010177162326,1.724970313332227,0.7336886317091311,0
-0.12717893635708452,-1.2917143059000515,1.0014341651338186,0
-0.5428793983200245,-0.003790840657462052,0.10992059878740566,0
-0.2531771750506736,-0.6913223570652697,-0.24360835049575777,0
-0.2649359614265804,1.6847295997654044,-0.9051356116540754,0
-2.3029604567463924,-1.2756800397567334,-1.393604555761147,0
1.3895997395866029,0.5736417656856139,-0.03501313051246447,0
-1.444649412721976,-1.304334664722499,-0.27837366446551204,0
2.8554424488944834,0.4936025705503158,-0.9968813915136439,0
0.49737425535747953,-0.818584111865998,0.15764440654752512,0
-0.03935928660544841,0.264667647512025,0.15327428883002864,0
1.0320676396123154,-1.1108160629003163,2.074370388719568,0
-1.1739673781109616,1.3235809577262465,0.3772749866120168,0
-2.3938195199118066,-3.3722471656294646,0.3690275658587615,0
-1.568179694075623,-1.98755000671461,-0.23382898512660116,0
-1.3161020417144775,-1.7092236597580193,-0.9743099560205526,0
-0.7489639239010735,1.408543119825213,-0.19611625240248878,0
0.7576119132556541,1.7538615087437766,-0.12238684789630215,0
-1.838741215431195,0.29414098708077324,0.40220153381710017,0
-2.6532204467522185,-0.2461927230857482,0.1958608889068706,0
-2.0792046832500195,-1.575197459915784,1.1416495581858597,0
-0.9994421564403735,-0.1640667496310303,-0.1747272640683436,0
-0.25439114314667916,-0.9137153059502008,0.22417803990124477,0
0.7636668379895258,1.576077948397916,-0.9131778564816672,0
-0.8881813063426973,0.8257462002041337,-0.5327267777001146,0
0.46725639119692264,-2.214927104860496,-0.18522550319778108,0
0.21361347943088432,0.989362819417315,1.7630594294767428,0
2.4264617517924303,-1.3699834791417334,0.0035705732312246237,0
-0.44995940361927494,-0.14286296379495758,0.07106064488793926,0
0.8130345838510299,-0.5053179180416393,0.9050040607361483,0
-0.9255944244550314,2.2548894411428124,-1.1921399042379552,0
-1.3887535788958456,0.7173403330154285,-2.1843242971982986,0
2.494953713472439,-1.5914573547502442,-0.5286095971232264,0
-0.37651056016182133,-1.0075689938052712,-0.5321189015685788,0
-0.8429576528818511,-1.077606268937258,-0.17239081374612156,0
-0.9516795402473033,-0.46761299620326313,0.8773814445871945,0
-0.7482587992930426,0.34509219575839084,0.703381306479873,0
0.5346640956190174,1.071659132463226,0.4444203048994383,0
-0.09103498873127223,-1.5111741120646465,-0.6381509079332067,0
1.0292418433901194,-1.826924525617966,-0.060847452297785355,0
-1.3853982312233502,0.9908441338439767,-0.8582232701840258,0
-0.4837147795690579,0.7146472948604873,0.05494127656593189,0
0.5477334163162562,-0.28028643369046136,-0.16568079110061248,0
-0.11400327408899036,0.14716663252632656,-2.155140955586532,0
0.42393952544664876,1.6614912798109034,-0.6666441420548208,0
1.2746360591455677,-1.8831636728689067,0.6670730055680034,0
1.7349408222708507,-0.47404247804479005,0.057024785815686145,0
-0.4649133428807655,0.799260869870839,-0.03939810689800122,0
0.39579725682740596,0.328087990680558,0.32954279003163983,0
0.4203392335712675,-0.6600811344529042,1.086226327220461,0
-2.033399160920935,0.5131081352343532,-2.7446672642247782,0
-2.000832740708147,-0.41980486528421185,-0.5129053088315126,0
-1.32904004833686,2.013058928154129,1.3506404025668175,0
-0.9366553998694165,0.3460660434655563,-2.8020305560366725,0
0.798747195991299,1.050266999282968,-1.1952722212278981,0
-0.14539250140425725,-0.43699316882770856,0.4657304293711555,0
-1.1793868310918594,-0.1655217414092036,1.2165858646307683,0
0.10097250542587488,0.5628372478075018,-0.8131350977711064,0
-0.7064885978269665,0.9997019174919399,0.1745357932093714,0
-2.3797859104714303,-0.8173518419963808,-2.242829640943201,0
-1.0223617060276358,-1.4173408202012046,-1.3640668771594104,0
-1.3236354411649627,-1.68136198736681,1.3058631043509872,0
-1.0075261148419308,-1.4267920678855264,1.793106349217651,0
1.133520333451,0.27803019816540286,0.49896369638128835,0
0.9679220769711676,-2.283846038689051,-0.8348355417234353,0
0.9531320353769441,0.9598314205104258,-0.32849307255121685,0
-0.9635800694247838,-2.342997147415251,-1.3928460778486524,0
-1.5256964516397489,0.7610229137991986,-0.852367390240887,0
-1.3406434789587183,-0.7437426657732206,-1.5312884337603416,0
0.957077229448173,-1.4584677218094886,0.2637056160063752,0
-1.3179904879106996,-0.308222312294231,-1.7747931216923731,0
-1.1813478087123364,-1.5636507296734703,-0.9624943684889837,0
-0.15968647337796227,-2.024898966235393,-0.309608367044246,0
-1.9552428921849603,-2.671497847484948,-0.12485787436662434,0
0.19178403228422553,-0.7791812958447266,1.405548631166862,0
0.2529793082279088,-1.2676028828572692,0.7027369004507074,0
-0.661712582101785,1.2209854599036354,-0.7095101363360896,0
3.3888213762644916,1.8618810124141132,-0.3290321639660057,0
-0.19094708948690164,0.2727269309891612,0.4441747041503625,0
0.5051371183399517,-1.1453244334890829,-1.0876454558173756,0
0.4122752777483266,0.16925577614647552,-0.19098794931142488,0
-0.3996545387906704,-2.4387961746122198,-0.17480278118456505,0
0.8971264440120655,-1.3974180847768962,-0.3160896865362981,0
1.190943970229792,1.630644623024387,-0.018965092205489142,0
0.8787836106477562,-0.10635450368774635,1.3828829675926082,0
0.24781422159348782,-0.8213456118138879,1.5855257735015527,0
2.6704465837194666,-1.683074809179772,0.08193858956686777,0
1.7894946277603632,1.6309356048074666,1.1635408045461286,0
0.015743364641936822,-1.8023643056362801,-0.8767589685950438,0
0.49691270287095896,1.8951790150994061,-0.1679379260127262,0
0.8909435305607797,-0.21130561370022524,1.8239786950614485,0
-1.5423067173802885,-0.10590182220955574,0.38277345469728624,0
-1.3281760800216647,-1.1124093589687185,-0.657791646283417,0
-0.8912856906100338,0.08702405007554354,0.718213420618613,0
0.5640326572455289,0.29809927308145157,-0.84651779342608,0
1.0478840806071998,0.3436337601306004,-0.23024967731593565,0
-1.4128560288092524,-1.983638119234045,-0.6099921491153797,0
-1.9870451431330063,0.19770133255591915,-1.9821674595073826,0
2.2536061379942636,1.4777132429565112,0.08050018939984961,0
-2.0560703159882694,-2.8937888780384387,-1.0497841067375693,0
1.2259644002056522,-3.5562732306888427,0.9362479311967633,0
0.4103738307519284,-2.144784932432005,-0.17832600434397558,0
3.984279711987896,-0.3424161606593822,-0.99785031843899,1
4.807308206536661,0.24847501046748882,-0.3799728907888976,1
5.654127544898667,-1.2102106283963383,-0.4366839814538339,1
3.011830727214318,-1.1389112366722824,-0.6251190657144277,1
3.389123898511423,1.5995252841549588,0.6388168229819027,1
6.689602128157057,-0.7184948721424673,0.32462606600842625,1
7.53951250112867,-0.061803371797758314,1.213534032623577,1
4.42705751145003,-0.19630470022194293,-1.10385810178655,1
6.4071884139531505,-0.749242674370644,1.6798653398832315,1
3.642709833701499,-1.1180712412279477,-1.64073494087584,1
3.058596270657656,0.429727359049786,0.5957409293094599,1
4.5337154784174025,0.9745225600786822,-1.301612814520253,1
4.131222991123912,0.08682625881219289,-1.2026921745835182,1
6.521410952087612,2.580746600051016,2.960182036337626,1
3.6306116300255633,-1.465493937399422,-1.2262198543731353,1
3.704734009274815,-0.24510821041012648,0.26635485034600015,1
5.900511626189044,-1.3258884240923543,-0.6980211927898426,1
4.148803867656495,0.9067235376386672,-0.4853321772991473,1
5.535812385685946,-0.2461398686461871,0.8685945539233342,1
6.995337126867707,0.41261603456234136,-0.1854959026561581,1
4.144213277886517,1.2668900437811605,-2.0644239363887342,1
5.31314898916474,-1.1912532602600634,-0.818166456720249,1
5.465545020775368,0.32172803025944113,-1.5730982728606315,1
6.081055882267599,0.7655486746652714,-1.0719332786924034,1
3.4206975432063005,0.03451424358565798,0.5722189863763194,1
3.3388998733057567,0.2414141550160615,1.419127676905463,1
4.528566613056057,1.0827762395268545,0.6900628042403154,1
3.3246262629767744,-0.9158870688464144,-0.26453510471616404,1
5.517831171312233,-0.8349389494957237,-0.17834023784394962,1
4.315130366529897,0.7173505983815549,0.4188116092503295,1
2.470011318641339,2.2274087805007396,1.4969976080100742,1
1.989263646291445,0.3218854575256838,-0.8591654924162216,1
6.862665050674402,-1.5419485026159319,-0.6898931132436162,1
5.226886739533334,0.36606873441010673,1.6372173278236049,1
4.473402112571287,1.242922331524595,0.018884980902465917,1
5.676350233083984,0.40114942589158137,1.907945334817007,1
4.554821491243186,-0.1511487736563913,-0.3654021201175333,1
6.750011823619849,1.4459238424988388,0.4683287741198091,1
8.493650770845187,-1.2020484181874247,-0.2989435507519679,1
4.973903706666716,0.5793184662400774,1.4901765011772836,1
3.4416378833942654,0.09630739641821445,1.088381217623534,1
7.370077457789451,-0.41863080359717214,0.9156736238285097,1
6.595400723022012,-0.036894764933967,0.005329556122705813,1
5.044613843210894,-0.8346445798186091,-1.2711609991062236,1
6.418878175868009,0.4433435920586471,-0.2224923464071834,1
4.209030552093713,0.6795023541717375,0.7720841259528025,1
2.792307320116463,-1.9168315612473874,-0.710146945127391,1
4.19316984949893,-1.7448362065365772,-0.2197031526915456,1
6.002782917227759,1.1042642865283898,0.23027067722196692,1
5.8256098736452575,-2.602598158827045,1.6807021692082686,1
5.049757156822677,-0.8644488692220669,-0.1559074904243678,1
5.534507798323567,0.3782880928713632,-0.17810240742541633,1
6.280747497834541,-0.33313923275588403,-1.2738407819897688,1
5.8009202264485635,-1.779294788751317,-0.9055687498920503,1
5.499736108063854,2.148742494069266,2.2964034642331703,1
3.935523195554707,0.6257498274142126,-0.24780165551052202,1
5.1352011524350685,-1.0816050902561185,-0.7200541344517036,1
4.74722060484344,0.9322532296278224,-0.5978385443229245,1
3.852802382385767,-2.1738553741663322,0.4393189917064707,1
5.254109705129919,-1.9613262332914803,-1.3042189037826706,1
4.73650014150754,-0.09742957168269946,-1.011914489728826,1
3.615035372535763,-0.35202989049591354,1.1843428197687331,1
5.464323819864473,0.33566026905489926,0.4334285533545924,1
5.743496674421538,0.2407006138768184,-0.4376372299927422,1
3.1205534385409743,-0.4930110248889413,-0.00914926739414496,1
2.9067902287197707,-1.531474254422739,-1.3120592219000353,1
4.9334931548019085,-0.7914301666735764,0.04810210083042989,1
5.452674527845762,-1.241902396951759,0.6635105366517083,1
4.550642437676213,-0.6281795521667425,0.4785926488600094,1
3.8394865674076017,-1.7228057109234969,-1.745277864343245,1
4.229335216632196,-0.3638159466050773,-2.483011684152661,1
3.987191940103773,-0.709476751759701,-0.3642308308308617,1
5.050778769625353,-0.7287531561259408,0.45960149446183673,1
5.7639149863640435,0.3871402209924466,-0.1430733310160264,1
5.240016425697755,-0.7236509961817286,-1.327300935595995,1
3.8894394561787307,-1.3284081849383775,0.3516337679362629,1
6.753647701303477,-1.072893426295307,-0.753013238205146,1
5.152233517780302,0.5216219793121025,-0.11340799862206226,1
2.8349117060167086,0.15505099663168198,-1.0051376575043431,1
6.617423845919352,0.16305522463677996,1.869518012806982,1
4.877298391474529,0.1595149215613837,0.14731769710806733,1
3.4170221443558093,-1.0352210587308888,-0.1264592217340752,1
5.029598500310148,-1.3820341246174328,-0.37895946535651015,1
1.6284877071639117,-0.30546520092768764,0.7169959589966362,1
3.4125555452732153,1.2834286453762982,1.148275200953915,1
4.167062232130451,-1.8719312097298935,0.26997119339616915,1
5.605700974774102,-2.9962378889718053,0.492551118763706,1
4.644758968392005,-0.2505347407122215,-1.8303373060321668,1
4.29868291171935,-0.2223977103593181,2.282222482462225,1
5.239208683146657,-0.06431929101123525,0.5626801722953768,1
6.758249841451148,-0.4930791969132211,-0.941036261101174,1
4.070175458726393,0.591615499484287,-1.150260242833132,1
5.266480241995865,0.8753097862565065,-0.10455691404958022,1
3.865068212066142,1.3859759195124335,0.5324974810056494,1
6.593737869770651,1.367173123091469,0.6139543316905489,1
5.4084712933917585,2.0697506875415823,0.04509649700524002,1
6.200128797992212,-0.1762655216481713,-2.146416084349528,1
4.790377604531859,-0.32618943776721393,0.5968384070076072,1
4.080754455502781,0.18600057067147105,-0.236951303143667,1
6.558032523887013,0.4594820086118258,0.16567401171365206,1
3.9232972077069475,-1.8566397689508065,-1.516107996874572,1
3.8262134797508023,3.0601648892250015,-0.3863092544417461,1
5.35301808703074,0.10491678478110636,-1.6811260475028902,1
4.025071727010023,-0.8766868088396067,-0.17884679330139142,1
5.103934550173082,-2.08667437600575,-1.1754182972289173,1
3.157779867036906,2.1595406238320183,0.1930344559385191,1
4.057835072152205,0.6894214274191582,0.1798802882434912,1
4.701479542606161,0.25594418302724165,-0.5866016647446568,1
5.348305913056646,0.05315887924578527,-1.1708775641709928,1
4.160577094589403,-1.5675104096184678,-0.6136376873284322,1
4.907450410317295,-1.267234111057626,0.5011146802479529,1
4.211022871521051,-0.21829644567429646,0.3256877256874791,1
5.7103198170008564,1.2660370709996749,0.47503663846804234,1
4.914911568563964,1.018127211285119,-1.607004219891369,1
5.389402090214961,0.5227185738935776,0.38109089670571566,1
6.8532751308362485,0.9898382494806593,-0.5820652506381293,1
4.928776564426363,-1.0213581850190792,-1.1292549244983165,1
2.835226321607698,-1.8873758622060661,0.2708463574654199,1
3.808684573494368,-1.403876019651231,0.9558469549826942,1
5.44474944331555,0.0658543160022875,0.295277281455149,1
5.954996330431946,-0.4833276942925908,0.624463127938343,1
7.245825290867683,2.1006697271696466,-0.9891390177260198,1
5.625172333106564,-1.203120631103775,-1.710997759088335,1
4.03351047968679,0.9962456236506433,0.21953727196848308,1
6.028132008918939,-0.4742501794733351,1.1860371217140797,1
3.6693654591330915,-1.2743258946544231,-0.7208501457216363,1
5.05088929611407,1.8604925066686266,1.829528225700201,1
2.829402258765285,-1.1032753328924374,-1.0362994320411087,1
5.286694667295459,0.2308154991364234,-0.7895025610388047,1
4.275425006982091,-0.2837457292426564,-0.11154750559679498,1
4.708889288433554,-0.4527862915197748,-0.65452645896143,1
4.952077047415416,0.3035857118546444,-0.2712884260585411,1
6.8493710266641585,-0.5703993626871929,0.3061242164480715,1
5.883914061090493,0.18286553613163206,-0.3137728717128331,1
4.777866313321151,-1.4381614424712363,-0.7161263576573688,1
3.0645020173987834,0.5644775796591233,-0.9190762314291969,1
5.82653381749801,0.6239592656318271,2.1139334175502156,1
4.529841091787682,-2.9826357640321057,-0.7008428202148518,1
5.338510440484876,2.5675005028762095,0.21892784862890702,1
5.130700807427726,0.9552065683504789,-0.11272259201999242,1
6.793140265777223,2.35848280253252,-0.22616186258086574,1
7.049758001285291,-0.7530370271222236,-1.382018339062653,1
6.04836269799238,2.5578878933007005,2.238560667813336,1
2.6888928760097763,-1.9165168962015169,-0.1945053584765463,1
5.210184263967174,-0.45549131816631433,2.666836264144711,1
6.0668867457248945,1.420387702735586,1.0713598780408289,1
4.547522385123676,-1.3904552262204593,-0.2382063701745222,1
5.4794685769230105,0.4685085301508526,-0.1899956454190888,1
4.295038372975916,-0.7017864670497813,0.1357027711748217,1
6.209364689549374,-0.4020765388692032,-0.2653522349319956,1
7.236499907167303,1.851980513895432,-0.27360869216295514,1
4.749899201432762,0.4489106067723162,1.6874540222266614,1
9.4767871736409,0.7437621639970439,1.3108944412369092,1
4.834029459513775,-0.3417650990789067,0.17068877695061746,1
5.4303722391884275,-1.0673724758280183,0.13737300122450324,1
4.739188040742613,0.03687931657783119,-0.13978246283909368,1
6.323445503613073,-0.46758860283415654,0.4022549179824493,1
7.234750017564467,2.993808892113305,1.4012422618679543,1
4.631296965478219,-0.2578798136589649,1.1216629248372352,1
3.6978736967677595,-0.9200329950534814,0.0957309678335039,1
4.022458489845489,1.9027670362254145,0.15628807186693222,1
5.57817587357801,-1.5623609013645092,-0.12255981994815754,1
5.150755708538041,-0.7820558959977066,-1.0304078670009815,1
5.6476732592856065,-1.1060432352893856,0.3292239364832343,1
5.143149620675264,-1.7709636770663733,-0.3714635743533575,1
4.387386130204794,-0.8607040303699661,-1.2989738732139753,1
4.273549809960512,0.7480166239048863,-0.39202813426905475,1
4.224563386810238,0.6037114569404888,-0.05332649723181359,1
6.213379764191926,2.060739682544302,0.8312650719113915,1
6.154264178828285,0.29633594720147016,1.1032055908147684,1
5.004577341231202,2.42978869357157,0.1920117503474109,1
6.364715642586783,0.8057772335328895,0.08507287132517252,1
3.029361568148112,0.8634840242994617,1.1182590022728929,1
5.717891684637511,1.273516624916907,0.814595440513093,1
2.8095841098261563,0.1576133391504514,-3.1338824440883517,1
6.853590388150907,-1.4170523213850577,0.6834276774298954,1
4.393176720576411,-0.3521813640743657,0.746138437104824,1
6.028503981839103,0.7153506102089422,0.8159215885710316,1
7.389655384348735,-2.470158914180291,-0.6963660882405247,1
5.18444755253195,1.2739205128678905,-1.3856787828183623,1
4.911571287409989,1.1566274810752384,-0.07681535527477475,1
4.081324144513531,-0.27527327762702086,1.1291254501809516,1
4.980073834786923,0.13074734557839693,-0.2995325418720767,1
5.768940830086084,-0.17309063674223857,-1.0382834862159367,1
4.9796624198298955,1.391304738163289,-0.8706750569779109,1
4.947807581407238,0.7823188813825512,1.2797034522430812,1
5.094527081128694,-0.7061594372151012,0.6210027853866869,1
5.483068469217646,0.03799044376548879,-0.11177676422802371,1
4.1689623982622805,0.8809039531800967,-2.2439934732349283,1
6.608781101422442,-0.7822337487223835,0.6205567051373261,1
5.8121285836744,-1.6288983178228928,-0.6183850310649152,1
4.231743372306791,0.1485560728092304,-0.2545102145999316,1
5.953180241264037,-1.130869480065246,-0.660013589052657,1
5.253408475776933,0.2770511478435805,0.7602202785809187,1
3.2976228029633834,2.7792173806511435,0.632787390815139,1
5.092138002524812,1.6470867085932637,0.532147770230148,1
6.788391574220727,-0.19993103107254515,0.21072883651751537,1
5.469551262254259,-0.15040949548865187,-1.3133147163645797,1
4.398347006135681,-1.4079098604866815,0.15216609358440122,1
3.9335761689669506,1.5262892192924395,1.5660165105990436,1
3.8196376443402404,0.2752165634498931,-0.7874481529102246,1
3.2003365543943034,-1.4328236061220154,1.2348854231023414,1
6.137258803994558,0.8907733986876152,-0.017633528187240545,1
4.102955001573692,-0.40091763094975885,-0.31610284319855325,1
3.9369875925120654,0.07128883361781246,0.8681115653119906,1
4.99457634889452,1.0602201317604762,-0.6299466699627592,1
6.205686314072959,2.0469154832673033,3.439286473512842,1
4.5626786241362325,-0.7799838685567954,-0.5997946299545583,1
5.533432423203377,0.211504780788082,-1.2081308184484827,1
5.200659061640524,-1.8315284095866644,-0.0014419843195758782,1
4.812720344087692,-0.7662469684601488,0.4119685010037941,1
4.298250396363191,-0.3054633491897275,-0.7275027827341853,1
6.554137754680639,-0.26092428599359047,-1.5044385651315662,1
5.941295196560654,1.5778808192188067,0.6902393060624716,1
5.161930879850061,-0.20859128082069384,-0.3353224198616621,1
2.498545065255347,-0.7209457440594088,-1.1197966726976534,1
3.303693521239356,0.849580005791056,0.22404095359023166,1
4.163294406080221,-1.9821248952217634,-0.5591525827219724,1
4.99089022792006,1.8238122541267778,0.363612928040433,1
6.5433755681924355,-0.3741827005694105,0.3955591398479686,1
5.856092667730929,0.9674774982251498,0.9201957850853905,1
6.053291288644847,-1.538046229765413,-1.7842866269272393,1
4.080151464391505,1.5187143649905264,0.41787153485343415,1
5.803033487793418,-0.8985261365732912,-0.4881506908493685,1
5.302505900229191,0.6254053897364953,-0.6511189640460773,1
2.2095729091675116,-1.7914030058192127,-0.46398643001643836,1
3.9468504447767367,-2.2238600960925825,-1.110084232321685,1
5.036367940680082,-0.05438322425822079,1.4638009848617377,1
7.737782053323735,2.4409420230155434,-0.6031806411927244,1
4.7010293204112905,0.247557000936608,0.752279611024207,1
6.384998685261082,0.8400732859856124,2.5030063897576778,1
5.89178327624917,1.7260506513047544,-0.018216595646328083,1
4.778927432038591,-0.24181692194458818,-0.7900697699629649,1
6.655864371319317,-1.2085974950836773,-0.7717853389379135,1
3.222659328608425,0.07766438429296055,-0.9452019186635884,1
6.34046511863089,-1.2736532566783445,-0.19650187355026974,1
5.124481839162461,0.8404619771041834,-1.0045378554708464,1
5.608133235997942,-0.866813485541129,-0.8760098919211002,1
5.514037925136086,0.5950115804501414,-0.23909940691863035,1
7.256519849351984,-0.677963667358154,-0.6284108480951845,1
4.521737670557183,0.3793929831546492,0.9825419730575229,1
4.4449888370568695,-0.044641376590187194,1.4315596463700795,1
3.5660234555408503,-0.6429501569818278,-2.2471713991982534,1
3.7719465933851266,-1.172560431101183,0.4024115955379411,1
6.937783039482037,2.3432750477815705,-0.3873906237754392,1
4.605389355768396,-0.46435730653930996,-1.2169462993015572,1
5.9440918245223555,0.14306561691053463,0.14402248069254864,1
6.746640371845295,-0.8547936377301426,-2.1139037561026535,1
4.24073973783855,-1.5274393224772367,-1.593941753148528,1
5.520430222547059,1.2274788305226167,1.499969280294995,1
6.627055889673786,0.09681926739762958,-1.5856642839438009,1
3.6874991619238897,0.378897025379097,0.597388301945502,1
4.012050705049766,0.1747579018484035,-2.716198688339995,1
5.372318949241656,-0.5590305572183033,0.1899009997850058,1
3.2393198937692516,-1.2323762243318988,0.27506541467200396,1
2.4996590654343214,-0.7573844288801928,0.10920282135252954,1
5.186734137054965,0.4698164798185472,0.5690124551516487,1
4.537469551349689,0.8124374753711024,0.3952680759054579,1
4.434261209911131,1.4083239577626256,1.349563813391337,1
6.3202340023225005,0.8539365958136208,0.8183294666412562,1
5.216160050120818,1.7677213752878083,2.033390274060526,1
5.032230147659119,1.1211340892890918,0.9730558620713179,1
4.306524331031394,-0.5548778365929818,-0.8589855304831365,1
6.134824914573436,-2.695761211394179,-0.11459271165321216,1
4.072114366964217,0.5521958070208024,-0.6363375920300561,1
5.214459192073112,-1.3055046131344885,0.960893167919384,1
3.0969009244005217,-0.5381731638719953,0.9757406109197546,1
5.120016794423867,1.189980531034941,0.7695996976967427,1
7.280552605899118,-3.755744910429754,-1.003232474359346,1
5.68994370203605,-0.3527290113999026,0.790406426020847,1
7.0803006011231515,-0.4513264598725827,-0.009815513786216873,1
5.460481613026814,-0.9972321562843294,0.02073597494294548,1
3.890437230078055,-0.48524755192540464,-0.7733647227562249,1
6.06364316573876,0.7677236240154554,1.1332689523386865,1
6.539285413099,-1.1938689277683077,-0.5608752246229666,1
3.4805459152498166,-0.16686767698102745,-0.4398712889203185,1
5.530205942233228,-1.0179544377365244,-0.7658648533158937,1
3.4147654926632702,0.8333187152017104,0.01714498347770466,1
5.161925948545761,-1.4365104427877644,-0.06915596794014872,1
4.961536968472539,0.19690286541947125,-0.6312916817350958,1
5.0977248779899025,-1.1535773003053278,0.043037800195547336,1
3.0209319522422273,1.0413324660561296,1.6940709387690234,1
4.35445568594727,0.6227257257247326,1.0358251507527787,1
6.348479197537005,-0.22331600166485352,0.5299702213063966,1
3.23009526053682,-0.69324211135609,1.079291517494693,1
4.476087547950768,-0.2026233056160919,0.08715510823897875,1
6.328394481974804,2.2485155925265294,-0.21024506667627463,1
4.122202858046201,1.717667317271668,1.9601052072805707,1
6.940251219935143,0.3014937788452201,-0.5174622269947374,1
4.741709780290019,1.9080675302673973,2.1534941180856664,1
4.5039116950701175,0.3363511143905924,0.33180290066218465,1
5.968904642416023,-1.5827606535083092,0.8697831383079083,1
3.766920784762533,1.1044656718031922,0.05882928696005618,1
3.8119829516078663,0.465801399944593,-0.8015589615335755,1
4.770168172994455,-0.3829260840990849,-0.11853176069291622,1
5.122619551208189,1.311901944605566,-0.45192215524041,1
5.57934587857419,-0.7116976095877509,-2.320564918691126,1
3.8756477485646132,1.9112759271955553,0.13946331751592772,1
3.476254673677534,1.0383163224455454,-0.510529880510475,1
5.7453999763499075,1.0278330189909852,0.48449037817311924,1
5.547311525739945,0.9591092730037379,-0.20566459000963808,1
6.959140977945175,-0.8885170635799958,1.0131062071470562,1
6.582918090016852,0.8235372021733307,1.1748806218061092,1
6.51445735287044,0.374470986354184,1.7750092706293923,1
4.641644864262821,1.2490552503976435,1.642135215706529,1
5.45441088496999,-0.6629665292397393,0.07426604154078785,1
3.419659701719519,-0.31319901176853576,1.0550517452308967,1
4.145573297152385,-1.2167598574876966,-0.5326170023482374,1
6.361337652518935,1.306490756580977,1.1266752192994085,1
6.216151550637207,-0.254368072665404,-0.5096034791131071,1
3.6223309980736302,-0.21895013753229725,-0.07250676985301677,1
5.318898271210454,0.25002005586193776,-0.30548092555097833,1
5.932393841561568,-0.015368414129960048,-0.5106384607093535,1
7.736920756102126,0.5786537475518129,1.6512772641056923,1
6.390565541081314,1.3818158414355042,-0.007661131738628714,1
5.167990650327581,-0.3267938870038348,-0.39756969845828916,1
4.647442756145146,1.5234497896495167,-0.3382181661374402,1
5.340469946154487,1.2481880375219858,-0.2600550847636461,1
6.206158728166805,-1.1496279688805977,-1.1538312010055038,1
5.4201266280228975,-0.6566259366020477,0.2205059586728938,1
5.763640871727888,-0.5734749251908322,0.25538202506129914,1
6.5948114987730655,0.7079351940534424,1.2079418185787216,1
5.458792757110353,0.5851287132661054,0.9725145584705654,1
6.320084329481608,-1.1135563972907199,2.04840880341251,1
3.952398196091737,1.3317398998021606,0.9260862591015422,1
4.422883284510505,-1.2888146088568442,1.0500508251679137,1
6.415006838158808,1.4729923092448407,-0.0814880301237016,1
6.196404899231656,-2.457846514451948,-1.9080567633733232,1
6.187399156806401,0.4259388137958016,-0.2789479209725515,1
4.992413189035282,0.7860644562653673,-1.7485281325133801,1
4.259885474566241,0.4858435928114366,-0.304939681531262,1
2.9381115705297947,-1.4447164051436605,0.3394989175735013,1
4.872291562824168,0.12278388936205036,0.9126936439500062,1
5.458033562564968,-0.9919534339998696,0.615474938209536,1
4.489665949800225,1.0442474470988843,-0.7184453813538572,1
8.599341447937832,-0.7390489048628922,0.9182776943886628,1
4.314503334670823,1.8798059092830173,1.3384952414211706,1
5.28988124855149,-0.7435812285926174,-0.5998196649976749,1
5.416137325167851,-0.02360073352859884,0.06940112942995832,1
5.886768170961837,2.9400105534183725,0.289145519613737,1
8.089665861230992,-1.5480603437475065,-0.35720036866945837,1
6.156829016363652,-0.20436288419367243,0.398714695711289,1
5.487799798087557,-1.5196556116631494,1.5713264853658704,1
6.064190355178447,1.4504401469815402,-0.42682952581333383,1
3.7223493375104595,-0.096658634822502,-0.4510139276581687,1
6.217787956559543,-0.41618638083674303,0.7795817965636425,1
5.686022279759371,1.665799386626876,-0.08845288979196134,1
5.416083572400568,1.634611440087719,0.3420154074691503,1
4.15326608161954,-2.3924980305109282,-2.4752450961902897,1
6.442196465114946,-0.5827278509472091,1.9699583015992979,1
3.8871149979437427,1.83258776842159,2.838235804321169,1
3.8911851026953412,-0.2982676546199263,0.49012068581546164,1
6.387151075233268,2.860479189644723,1.5171638780955232,1
3.444328692864107,-0.6715394755586145,-0.1393068131914639,1
5.726311103208626,1.293621172188453,-0.4482494183867913,1
4.175041824178131,0.6127174621032122,0.9916265327440108,1
4.304648760470575,-0.8935076971458517,-0.3128298960384836,1
5.435209140771921,1.783380171395679,0.684125341830544,1
2.4978476155860863,-3.0906673882291957,0.3647006354008784,1
4.831799998527748,-1.9262634649935804,1.098407518786392,1
5.2176860423235585,-0.5586873869291545,-0.3006212265151195,1
5.507624231447411,-1.5880561300684914,-1.3653264957689633,1
5.447738154871055,1.8885440380295728,-0.08459708897169596,1
6.333186632486969,-0.25075909296290905,-0.6454980198312623,1
5.109655086633077,-0.30408177700565603,0.7875769633500183,1
5.533166635049114,2.711336624603405,1.3560673764063529,1
3.7953561765882826,-0.4339859724696868,-2.1773709175792306,1
3.966314928086571,0.01565549209582222,-1.2487034733935776,1
5.111106766477552,1.0172649214744225,-0.22965356519142152,1
7.140625456951103,1.6439100291909494,2.0051610870173935,1
3.4463202810522686,-0.2007663376861434,-0.2518820155893211,1
5.65948220573154,-0.4939802336946575,0.4940744769923656,1
5.483547997425498,0.6220104895375342,0.7422658534420239,1
5.013287100267518,-2.2419047576630806,-0.09169708916666693,1
6.466405314337409,-0.8242235373620396,0.04777073382858637,1
6.9600596946442135,0.13841313494034269,0.7501849870586492,1
4.730747132878328,0.5811914915471406,0.5756916216806643,1
4.977540737356775,-0.7258110710616476,0.03173305304916961,1
5.257639434977172,-2.4349503011299922,-0.8298564338214713,1
3.425136522974578,-0.8044821839579457,0.1436221252033209,1
3.799845064327231,-1.634797139096054,-1.5692794633242577,1
4.159037085867215,1.4844604471047962,-0.19611353093860767,1
3.7010930439303107,0.9823064671159266,0.47449027683299017,1
3.6119642764552893,-1.2457381674583943,1.1665517598424684,1
5.8081519570107005,-0.7406280157876579,-1.0523326546698577,1
3.422210522428827,-0.8730674159832897,0.6483646093552521,1
5.462255577172661,0.03760609615211687,-1.273542352625993,1
6.071864783299011,1.141572680465894,-0.5812877290490385,1
3.3326520358194665,-0.30172223844537344,0.8469262942255762,1
6.247751802644047,0.931718919957294,1.0302690800113945,1
5.989034449129525,0.4538320632737398,0.44124400073664183,1
4.150392560872218,1.7802673025344187,-1.347572215399484,1
3.1591173511790056,0.19905693803029345,0.24811468186774494,1
5.849271049316089,0.14141196691678098,-0.2956923137631668,1
5.958974106845405,-0.05225210598274482,0.30945179504241077,1
5.2869526163516145,0.04756631761985777,-1.6537145572707246,1
5.225105519412527,-0.7113444820870097,-1.4096701256598594,1
5.081387094901192,0.3448708502749388,-0.002863550149695506,1
6.378677665032455,-1.3769589309493337,0.5456646902760258,1
6.384695922465016,0.7210127200443587,1.6990691700481602,1
6.017867410689796,-1.6604381677905453,1.4464168661380368,1
4.762905120392239,-1.6671999975521659,0.4366900543324253,1
4.939216208854726,-0.03762295171556497,-0.3947578490569115,1
3.362658869489429,-2.0366784964905373,0.8550428579806633,1
3.2648192366902262,-0.14384687043553304,0.3949991268490788,1
6.785459595289212,1.7851817166034523,1.654206330567912,1
5.499151048526911,-0.13639913591304298,2.043957602384192,1
4.184121541372127,0.4267134043546807,1.8129665038062872,1
4.011788257536394,-2.6195879188320133,0.02295324511593037,1
3.4977792459106367,-1.032839755439029,-0.9124725258590132,1
6.164792240745609,-2.295416860043567,-0.3974223507770056,1
7.552335450888398,0.4004951716713049,-0.49062611321579025,1
5.585289592407658,-0.361341428960573,1.5126141333403267,1
5.009513097166766,-1.315904278240528,-0.05372145654280306,1
5.493265897253717,0.706491133450284,-2.4596726379664378,1
5.375917564049436,0.685401758858083,-0.9705687657503421,1
4.63478532590666,-1.0365697070284874,1.477106191783293,1
3.681037281908156,-1.5370387087902593,-0.7688665113831176,1
4.564866680668132,0.1907719614079613,0.30627382846136464,1
4.2135431814286015,1.0753575500221935,1.1548629995372708,1
3.8450236905170883,-0.7361644531586622,0.6977473616285272,1
5.62284207842836,0.295599842135468,0.9933734527545535,1
5.484714392752724,0.05466404681417269,-0.5526467671569674,1
4.861162686259492,0.5956895922845056,-0.5531117400920658,1
3.4328650717376465,1.017059511282492,-0.0512521056402384,1
4.86912142711529,0.5203200305454548,-0.03776217110488788,1
5.567791821320215,-0.46308081096853726,0.7336089779503492,1
4.029434812518783,1.6275598995060532,-0.41027964425870733,1
4.85687777456228,0.9935267069096327,-0.41039462152846906,1
5.19665346673208,1.583837620934377,0.8588076765294292,1
4.085487529986281,-0.2892070055112164,-0.5395493441631215,1
5.423840710165219,1.3928088857945704,-0.34554326531857144,1
2.7941231449636614,0.21151803266047833,-0.22770462749308332,1
5.1199401062525975,-1.4606737026053245,2.2982235844525607,1
3.7486718554694987,0.04623945686220591,-0.0426606676018548,1
5.8148507047146705,2.3701369930141025,0.07082088984926599,1
3.9358836724562116,-0.7706323098407367,-0.41678851384849314,1
7.167843967224038,0.14246294574205487,-0.35956124651783034,1
4.924066377423194,-2.594348406927275,-0.570277002537542,1
5.167525506425573,0.17058467244983883,-2.022816415519327,1
6.041271200922149,-0.006416163200127902,-0.09006215502193667,1
5.728347840466199,0.953533063875258,2.2255193539664386,1
4.313193006031134,-1.7581180320138048,0.3116540132984959,1
3.353752840148548,1.4631087606154336,-0.3299758100580419,1
3.8871827802816408,-1.5671816482394176,-0.8886999523567838,1
7.227433420056113,-1.060582514470084,1.2410487576415932,1
3.6837629645873218,-2.566589007183975,-0.7197096374753016,1
7.323242458552437,1.5759801701622775,-0.6770108527914254,1
3.7040228438454967,0.4262287021989648,-0.41553921444026604,1
4.774533695761897,1.4043976039020856,0.01601365062666517,1
6.137086381432481,0.7135696088020963,-0.9337703821319985,1
6.162766693103776,-0.5433393325140989,-0.8239766614832377,1
5.165140768454411,0.4496048921605536,1.4630071033908263,1
4.349454452627882,-0.1931268987972999,0.4643801685179573,1
6.31033980323061,0.8160646755331332,0.7441568534461682,1
4.243093214344124,1.0320927326577707,-0.5003302058566782,1
6.006920358642096,-0.8560404747300523,-1.0853672605342912,1
2.5273173682601784,0.5506769582231925,-0.31957000983436523,1
4.021860146552602,0.7663214539249885,-0.6592360539102271,1
5.652593131065511,0.7118526000734493,0.07595825473670445,1
3.8962364807052383,3.6309880279208677,0.9115815590810123,1
1.828941855007061,0.7855308316858335,-0.10537265531642358,1
6.736757352497831,0.18494146778923487,-0.39653120497325467,1
4.885789150026126,0.3352290495569441,-2.1639181775521394,1
4.843773691902094,-1.1554567287682047,0.06823566962095462,1
0.7931592433651247,-4.279185063126843,0.20154686385596451,1
5.4535180133994245,0.22748321195331747,0.03174578853048226,1
4.626018525540047,0.5836044960438582,0.6158604031130902,1
6.575044898464991,1.578595751992262,0.16338447404860612,1
5.149222760196729,0.9756861768101182,1.7695467596843333,1
5.637442451520887,0.7457961589268796,-0.4984214779299067,1
5.388955400086887,-1.853883248890487,1.208115342513933,1
5.804466334531731,-0.10925550696664399,0.03362241850626128,1
3.583967454242031,-1.4680425590363455,0.23442312709627208,1
5.0360923471924,0.21114218550262298,0.1873939885526014,1
4.751639804165118,-0.3223732420660499,0.10481313227636359,1
5.250294794855716,-2.525240991529768,-0.13232059054989825,1
4.32215188201183,0.5054171009396274,1.271141273751716,1
6.088855688593331,-1.3544494608336406,-1.2623650864444402,1
3.3668770195302065,1.0753513484388513,0.08249157656700934,1
4.004718184157484,-1.1900743377282434,0.22460211638563707,1
5.408572300249707,0.5303407993955193,-1.0335078044766133,1
1.7738508274718283,1.1850421247443363,0.40417362901149534,1
7.153858558822321,1.0598662183719938,1.2189758286422872,1
6.343067301118655,-0.775906805227773,-1.4003646125528841,1
5.07201232306724,-2.2666285847299115,-1.2156808057097643,1
3.2084722770278717,-0.5207105404881525,-1.0543692075120672,1
4.723445657209018,1.3139437945796208,-0.581309330959089,1
4.098417433803825,-1.4191526833938872,-0.18732184094592733,1
3.3722597760418225,1.2779915708892866,0.8859443602483767,1
5.8822065562965165,2.727218331224201,-0.3607903693755305,1
4.935244525897664,-2.6630940742586753,-1.0075348708930805,1
3.459253646158706,-1.3018395775127998,0.09028115256313765,1
5.214794642346783,-0.8269926885822955,1.0228158804850251,1
4.874653226336186,-0.3052961893711054,-1.9184005303777325,1
5.372865883246057,1.10210524989734,0.5541806276694665,1
8.195778750647357,-0.28157712104452187,1.419223758178196,1
4.756260521102438,-0.6296089675480282,-0.487765730597226,1
5.586181571249201,0.9481828094152109,0.6603233691913136,1
5.997276670115699,1.333353942554266,0.361727103501548,1
2.65327843696232,7.63643939363987,3.2318091928451205,2
1.0608720002815204,3.430810959010259,-1.0560837886168404,2
1.6684604166160462,3.63443411333807,2.9327796683296623,2
3.4956296817111063,4.793268277861578,2.7060678097858992,2
1.779061476287533,6.915968672793636,3.0767463722685866,2
-0.9922746300462588,5.301425353277201,0.1488338436362726,2
3.9140726165457256,4.881096324398159,2.147407454816297,2
3.138010775579824,4.868820987262208,2.826974991680048,2
3.3672970875742925,7.249356528840291,3.2279816159221353,2
1.8675342407053712,4.3761548547475755,1.5711858188142065,2
3.6647504984658683,7.864215671401094,4.0233046614263275,2
3.3718358298844517,5.986920747687755,2.4268691289783355,2
2.244165952024035,6.03015301900197,1.0370965116668485,2
3.189978067960025,5.204002277101655,1.2991797536575143,2
3.4398251334568215,5.329073465070786,2.187401483011458,2
4.362941953401957,7.88779172380141,1.9140127032186243,2
2.36720175371324,5.356563856602045,-0.5024069101868234,2
2.2001478896364066,6.363659435383369,1.7397525702924443,2
0.5119244674421368,3.071864417204625,0.5507391075838125,2
1.2028738402561638,4.909165260559524,1.9875017120683256,2
2.0032422771571228,4.632012635112603,1.4591247041055935,2
1.8070292200305547,5.393532127570763,3.1707059876521733,2
1.659246180043844,2.624116118830691,0.3740825293968477,2
2.144828996557242,3.0113004370747287,2.959242905042855,2
3.220584227157259,5.279881008621306,-0.2723237836139718,2
2.4150730255393245,2.38878172765502,-0.021644090827708684,2
2.899973311456834,3.9598950482940856,2.2407957973674546,2
0.20274106905124167,5.383592290052544,2.151381229173234,2
2.81366684202926,5.289455707804851,1.3729907707022233,2
0.36925046717857013,3.2440034202921995,2.135593393196025,2
4.065339355763547,7.4221448095616385,2.185212677661333,2
2.360697162553657,3.6395912940384436,2.60315760351814,2
2.2902597032329477,3.7821741374240143,0.25663467119436634,2
2.136486857275378,3.700765715884108,2.118472894999237,2
1.9651751842949796,3.3977673156040797,-0.8927965743285902,2
1.6290408861979835,4.117229888231108,2.5279876390209357,2
0.07665219256845157,5.020127176108127,1.8329898236960762,2
1.6918415620525762,6.076471352255666,1.187505827126994,2
2.3596453581994026,4.635557597592914,0.9230048356585245,2
4.751240992200179,5.023145293637149,2.279100660707335,2
2.5909498453570476,5.284543643971314,2.585916835886289,2
3.0409408238719644,5.00116071730269,2.303866569467843,2
4.655907285338398,7.469885944472116,1.946009388266745,2
2.6398261778248546,5.5429503792537895,1.8348737354834568,2
4.674677208748253,7.2716297402722585,1.672024270630463,2
2.3770154525638296,5.107759189703913,-0.12428998859402629,2
2.5354898823400287,3.8672978629040795,1.8700434830182269,2
3.259253477031668,8.075154093867464,2.720822513670842,2
2.1956151012487055,4.903782692392001,0.4227013165274156,2
2.272729903951539,6.445787856031109,1.544226457861779,2
-0.02533247346906098,5.66395792188581,-0.5915159515969699,2
0.9101585994214398,6.406297312976374,1.5327790333683353,2
4.089443092762308,5.7816288247449545,3.105781656451131,2
2.1238305980122676,4.289033550066025,1.9933940508196257,2
1.516083100038184,6.244978596863169,1.6318915720854763,2
3.2799729151459704,7.118335936578081,3.125481444265933,2
1.6559512008487824,5.671994920517082,1.298010682335351,2
1.5940858316033504,3.6774052538091766,2.4930441350884744,2
1.5884597801975544,7.124233055112665,1.8712256538636078,2
3.859820051588456,5.3842916554372,1.4611565425847137,2
1.6880319482902744,4.449322833988337,-0.24362492259595503,2
2.8812163326908986,4.571522998981698,3.107416013911026,2
4.417255673297991,6.038900104849069,2.243775692167598,2
1.5765100923552828,2.2090899694447725,0.9265773403001121,2
-0.2027044876204216,2.9808014624900836,-0.6050331392866428,2
2.9804507258727555,8.581730082416163,1.1803671199950028,2
3.165191712962094,5.388491827703903,1.5596881825337767,2
3.2081992726930117,3.6952865036388918,1.8102623504587618,2
2.039696178630816,6.644570837251583,2.2012690727781816,2
3.0097355219947177,3.7188979869809398,0.5288539636736783,2
1.9177001265909226,2.411373668013866,2.522336544441555,2
3.2947257058601154,2.018850546661299,0.9609232990439144,2
2.5798071397366233,7.529964696818199,2.6144124872198846,2
1.7281076386149012,3.5594937160328404,2.2074443516892064,2
2.4422193576790625,3.1185843400764215,0.1918243147559171,2
3.151232274360041,5.455598625490645,3.574411823795632,2
1.776015806219636,4.25579755602554,0.7206113592746116,2
3.9628943159414205,6.36705420411943,4.876425093782387,2
3.98200770672128,6.035686920366212,2.8837920749516273,2
3.921742040708439,6.044914653750967,2.826980798597132,2
3.7303281847962815,6.160225628941725,-1.601263638048199,2
2.23380124491102,3.170900077228127,1.3393614303928574,2
1.8147893725480992,4.255536683761458,1.8567399164433045,2
4.2030267508911034,7.226328642269464,2.564933642458385,2
3.1909242588011884,4.023170641327696,0.5000609861570197,2
1.2946199917060026,5.191276966221627,1.6028437061610483,2
2.8108451935140817,3.712086891557983,-0.5313073900448049,2
2.4752604982975863,4.17884058977247,2.8339986981814302,2
3.113376544050945,4.794510045653017,-0.9144196037790788,2
3.286420994186009,5.104516005122147,1.9925015776255894,2
2.471494186647392,4.691168556021677,2.820830659604076,2
2.1952796933015692,3.205595200005221,2.4725996327392266,2
1.9922485846599725,3.4655573709336034,0.6179054839985559,2
1.5298697259896246,4.224635763287132,1.7493209284126354,2
3.457436130149213,8.744164059941498,1.4501346250841236,2
1.263668707236525,3.1896559880583357,0.541475113145007,2
3.4879306973931676,4.925822799174361,3.014782259442701,2
5.111026608147041,8.04534056219542,2.5483641013988843,2
3.3544506495091984,5.463757931171041,4.154626447121938,2
2.819107159561523,5.451796557275213,3.6987238638601756,2
1.704892462674589,4.382379639215173,2.071005986634681,2
4.584907118231563,5.730526863039359,2.0736958513839556,2
3.5492662832768236,3.275233551944808,1.9253243786001837,2
1.8461906764010383,4.659916966015045,2.6302362004206037,2
0.3072582906276047,2.4969420817706274,0.5330540669985643,2
1.6276422470399012,5.060017135503208,0.6479318186869402,2
3.802949971132878,3.5830483506627355,-0.86361113165212,2
1.9532140637502597,5.908490708427191,3.423913287212714,2
2.2471854439977403,3.619587828610088,0.36803559072684777,2
2.4825629195540415,5.183734717676647,3.2175728873611398,2
1.7351068845824993,2.7813371477963553,2.9343161903619093,2
2.4597073341328506,5.160673355745262,-0.737130110154613,2
3.459436236468504,6.430701802771149,2.88461883517701,2
1.8913706965092505,2.894328288248561,-0.43789484046436433,2
3.459634457185486,6.965630855069181,0.7535219635593355,2
2.320169095654207,1.9413323929784259,1.5105991225537543,2
1.694523551059251,4.439792224551046,0.8017383080460009,2
3.074984930694069,5.413277587829729,1.4784543929923535,2
2.7533036898509686,5.700971462343018,2.090410035603918,2
3.468569825433566,8.337512647745541,2.089190834553571,2
0.7431437998340376,7.461198419445015,2.4592870657814547,2
3.8930038321737848,5.506776198686615,4.16204379813872,2
3.1789288099868687,5.439167270321692,1.9877490273340266,2
1.6414714782176236,5.551977569394501,0.739147139209812,2
2.0774720179267843,4.270942297214699,-1.8632310353635595,2
2.275274576767309,6.875272442095657,1.8478279475481965,2
2.9544254817237534,3.000926503171291,2.979520683648891,2
2.615763511852331,2.870428793547112,1.120278475970728,2
0.938968035679667,4.049731502344712,0.6280312089902721,2
3.215259798909085,4.86583204531574,0.9031880055410254,2
2.717126656960014,7.011758338340849,3.160253301387766,2
3.2492462013935546,6.049875482848384,-0.7171428492926899,2
4.756680781457043,3.0651495121187673,1.4347621062881082,2
3.4586017501479427,5.199696955404356,1.776116293590329,2
2.5760860245053894,4.480716653831261,1.6966192547644359,2
4.541675386549146,8.195967616845806,2.8835057751175173,2
3.8210010915636623,5.811039842161713,-0.2360397819921547,2
3.784557709378472,6.133563728191308,-0.1625084037428679,2
3.204703895566666,5.18475030374971,2.5073164396959458,2
1.0473977358936735,4.982225139970584,1.9680952009219639,2
3.040517553055933,5.513091822052563,2.2461576913010943,2
1.5162093848618667,3.7191683250232463,3.1357037247978647,2
3.7112342763157153,4.488594361559096,0.5842864189900435,2
3.0585076752975238,2.8057148811588957,1.192747738338818,2
3.50421405734282,2.9515494238032685,2.5754180380751106,2
1.6744380940843064,4.670959758013606,-0.32200044727179433,2
3.545423091546284,6.5735990047796955,2.292528296804434,2
3.9194337733677616,4.830244938204931,2.7966952935691705,2
1.1454265706858777,4.113742119908382,1.7657497052319127,2
2.4005533680648776,6.255757272953314,2.103833734986124,2
1.7090156410255846,5.614566271048621,2.6736543850025924,2
1.7642776543659937,4.303272817848919,5.268404049643763,2
1.6013332554702275,3.5768091428012676,1.0096623888975826,2
5.639703200739891,5.445013793565661,2.2519066659587486,2
3.3196790213725427,4.752967010097625,0.7517122357098192,2
3.012448715300511,6.602922640470185,2.830132978357163,2
2.530140791321158,5.623033118813215,1.926856785897963,2
1.9444214986698856,5.74850736731881,0.8774010857489668,2
2.4905839180996456,5.249075793857598,3.534782032907634,2
5.433208328414022,6.915506218190172,3.00072663589156,2
0.41204843699505567,5.45411786903215,3.385716201509449,2
1.4323463836180872,5.3355112797049475,1.9672242046162252,2
1.5966120212912958,3.644666963593382,-0.6314991786675304,2
3.017164503151807,7.150025871156585,2.7450978718538614,2
2.1098719726520123,4.025826540161132,1.8451396897881565,2
2.0165279260906246,2.6056223215429704,-0.49826271629647834,2
3.0388967396063897,4.498300674036546,2.6041446604187914,2
2.920886655487246,5.772510369924643,1.9446293218929875,2
1.9035801487194537,5.365732986886456,3.0488651603125057,2
2.6033629829609164,5.4299099173821315,0.857213840378968,2
2.1598297583385673,2.3539930549037837,2.3042389198467865,2
4.116043527023343,6.9684702921621,2.7160894897190806,2
4.056864786838272,5.265440268131577,2.532936573437521,2
2.636771772596962,9.369047831001499,1.2030246891845522,2
3.9700064918575255,6.6793294034507555,0.652463363949015,2
4.260338360090262,5.235085631186022,3.731285685284557,2
3.6178411524180065,6.371023174823598,4.473401761894957,2
0.6190189299007876,3.372555206653874,-0.49731473537705906,2
2.9763812780678665,2.005249983136078,-0.7377628421847464,2
2.823502393352005,6.1314723651618,2.0166614181147042,2
3.9826285400862553,4.128954222820505,0.743866072333659,2
4.377022723644098,6.265450453959838,1.4572605110698142,2
2.587927521617531,4.880677993364766,-0.7265353298812616,2
1.1543905035015842,5.964406342309718,0.9618577521784489,2
3.1580189958594675,5.816744312229257,-1.6839419044620776,2
3.094717953012368,5.0037095134526,1.1325742169358406,2
1.686769492236373,4.928376483510015,2.6644851100888416,2
1.9348541329694333,5.116228081979321,4.351458484674202,2
2.1376845372950615,3.6406922021262216,0.9191425013476204,2
2.616195195706778,3.093963035291477,1.1199972814547632,2
3.890444610333878,5.261387559507428,0.95367915919925,2
1.5688537077899058,4.505080414208148,2.4575079027503985,2
1.9761595634753777,6.519007517618593,2.061644568266957,2
5.573656179984534,5.677922573356137,1.5227639028434012,2
0.49979192993186805,2.4344137638542946,1.064060698611525,2
2.1297384811249183,7.167177743563062,2.3695787705695555,2
2.136042937010753,2.747570490864624,1.5523349946353513,2
3.0680188449049064,5.257712525307078,-1.4978502152317237,2
2.0974834937074993,4.047997993480144,-0.8177159704014954,2
2.056616994888003,3.8713544780557148,0.40150633576968464,2
3.6432471689301,4.769139825218264,3.849561246871917,2
2.633604347340968,5.52324950972374,0.4529050866060156,2
2.9713060230477417,6.875396069153486,0.45246310923441047,2
2.8287099619568026,5.464635571779076,1.8382439882609494,2
3.3309146460393646,4.8319842582983,1.759704596923104,2
1.1403389826003927,4.177163750845683,1.5206313985276565,2
1.6946991947109158,4.357651661195924,-0.830970576156635,2
0.7796219518911629,4.408497615433512,2.714137147247924,2
0.17970885322169838,3.0275174599095536,0.3321855282192874,2
0.47616170545046765,4.318531047998364,1.6929127483748596,2
1.5230620727001525,4.344741264723101,1.3930184228215448,2
2.5714220263751635,3.912688742618893,0.8259664034578265,2
2.906680548972876,5.529275099374336,1.3978229747709818,2
1.7413654011276278,4.497342116088682,1.4243237030045965,2
2.540830707506636,6.752952479855713,1.738865541185531,2
3.460978206203224,6.308446514532869,2.2339293029532836,2
1.966901758149699,3.728488294402977,1.5028513439827555,2
2.0373681740006284,4.822456893218281,0.2852143201589685,2
2.705305571290602,4.826006821379766,1.133741582814587,2
5.144427761584402,6.333352507129123,4.208186976474372,2
2.358958540654182,5.191508911248492,2.5107717100015154,2
2.496489629031766,5.431801437470571,-0.34971917214850334,2
2.4633537701481982,4.186439387592375,0.4648636097031076,2
3.643564642684428,4.098884491697687,1.0399594305499489,2
3.7493653874927455,6.545882832118817,1.679004757866402,2
2.425207422710148,5.002168306147921,1.3040309404963428,2
1.083134371602248,4.151613140100892,0.03472222928197821,2
3.6067112936480075,4.768426333335395,2.3946945858506883,2
2.9975864464106152,2.6760030163799904,3.1929882487087964,2
3.2579674218479324,4.827544843741507,0.2939744667684896,2
3.5941290090432907,3.6299227014168194,1.2487542826150033,2
2.3952507910198735,3.891254043995435,-0.0763802189872016,2
3.6487294608806056,5.184142720439134,2.230524582743576,2
4.340150284376402,4.466314998723308,1.764974076650407,2
2.276902031275197,6.206503945203961,2.674597955848049,2
2.7339225960602835,3.7581474606438405,2.4806230162737712,2
1.4218179679012874,5.330355416465471,0.30007826152867856,2
2.1723242253572197,7.987510649595139,0.9411340826332467,2
3.767691837685719,1.734222356337701,2.8579014653107313,2
0.9893935583017734,2.107358983450027,-0.07520533287230702,2
2.2802609949772927,4.819250554612363,-1.4366379938258196,2
3.3747614675469997,6.89186680657078,3.575700729049144,2
2.3311109750711845,5.153922562906536,-0.3565472001037202,2
3.979546543069887,8.508139460957006,2.0240996744238666,2
4.234461354756357,7.105119866842378,3.311533704064101,2
2.113681029343943,5.225866268764882,1.8226893682691487,2
1.220251974494433,5.827969431224071,2.309435533875615,2
2.559308131470887,4.2513040083392255,0.9972916754953363,2
1.601771758825286,7.578304841453482,1.0216980273746088,2
2.626226396189266,5.747357553415896,-0.5567628457116403,2
3.8475959034531018,5.008449445668973,2.4367552096675538,2
1.0185444384030604,6.724482936295461,1.1292119882963232,2
4.209743762892819,4.818024540329528,0.11212744478427061,2
2.758266190403455,5.053777058881823,1.275361242668785,2
3.7412274710606925,5.948865867239669,1.6177545694135076,2
2.5150315537304175,4.131822553640414,2.9847307509246988,2
2.297775041524375,3.5127718650104436,2.034902047282342,2
1.7083116798214786,6.05007691588639,1.9616959884760197,2
2.761398345853374,8.39721259255488,1.3093743831185543,2
1.5154807135615105,6.50051510215919,3.828681027084444,2
1.6976122253034518,5.804344637481973,1.2127959763124125,2
3.192859614321045,6.856821172417489,1.6638343075046853,2
1.7371782954651582,4.435294462936231,2.027032973829916,2
1.973227854104663,3.619699831656861,-0.10271492810250038,2
2.1708548977326396,4.652948722568687,1.4964088912248572,2
2.6836281255921213,5.2777837441445214,1.9794423278744515,2
1.4243895879546642,7.050317958215056,2.1035155573884965,2
2.5468460013057235,6.8761650704184305,3.6189970982271906,2
3.4279516689030176,6.148499352917763,1.7836083402363898,2
4.616474813260853,7.0601073576120505,2.9165214282077,2
2.872196476604791,6.811798892698107,1.383696101027811,2
0.3681303727727179,5.88799367822784,1.2625236738846424,2
2.3785354506833807,5.7224024799031525,1.6214459901059897,2
3.018696552408649,6.325484840711536,2.795986500107483,2
2.262604683626749,5.473639100954655,0.9937097029630824,2
1.2114952486718154,3.1408377650999775,1.815039780099257,2
2.086425271927929,3.6414974830683544,0.18716868246873042,2
2.7487593735102767,6.596023973013236,0.2623022776987407,2
3.4860397162241448,5.466153032712572,3.228423018797205,2
1.3389283846613735,4.6470928857085525,1.7444625605945134,2
2.8836393286795343,5.150539858489531,3.0451417209620626,2
5.037279950956104,6.342791488935277,1.8100654868360828,2
1.4300690196024712,3.671319545587021,0.9688696832564531,2
3.19754388697299,6.500472592133958,3.1996972697222086,2
0.67876375889827,3.502631362543071,1.159893095921901,2
1.8497797266960645,4.754407669961411,2.9788671879884165,2
2.4822880191217487,6.186701989752441,1.8834071650888122,2
2.809915911761064,6.1379084610250665,1.9363182991250318,2
2.332743024070945,5.239167629009433,2.4868699945218316,2
2.2784675359814415,2.2937138303398963,0.8247848940176381,2
2.7446455265915755,7.448520673643167,1.71040659934672,2
3.476831518841723,6.121139797642451,3.809500943932224,2
1.225549315426976,4.729246021416089,-0.2805921297365921,2
2.953617944073323,5.161739877683546,1.5269993301945706,2
2.8053022384607393,7.34133228985038,3.4196270122008636,2
0.37785215718591436,4.286543711383237,2.6141787271357613,2
3.5045048886796053,4.446930323453212,1.2010637409269675,2
0.38862050604992904,5.365339759951614,0.5106612462535965,2
4.350775168270576,4.715931718791959,1.896492406728237,2
2.664852377211966,3.887766871620738,0.9125641639278991,2
3.7229722198556985,4.6918138195234445,3.000856964196601,2
4.102964806755116,6.491708286776663,0.8037502864351939,2
1.0034547179949693,2.871707562370405,1.9326006816494576,2
1.9395700373241436,5.726510115022327,3.1839268802309046,2
0.35980095073594187,4.570056472203904,0.4871577993801637,2
2.815401179007681,4.780181396860071,1.9608522865667797,2
3.0404602061566557,2.6606443335939707,1.9908732882768676,2
1.125978113686042,5.669545603084831,0.6160099981350087,2
2.966298008099453,4.734403501834959,2.5125857876373763,2
1.4187976453137783,4.237067864515705,2.131185851609267,2
3.8553965893820994,3.693559833717756,0.4503942650581123,2
2.352323890412951,3.796956726481815,1.1500366245012321,2
0.537995106520063,3.5393027887526847,1.3665196205622245,2
3.9785731046775292,5.263326359529693,2.5195628182887786,2
0.7145690289499045,5.873613985225334,3.41020878549164,2
2.664450634317477,3.605553447411385,0.7189417599759255,2
1.9679372279707072,4.971515189985739,2.9396565832134858,2
5.028380019422229,5.845920975210578,0.8539187666221706,2
2.292697182979044,5.76226221225832,2.300723493240315,2
3.623393482821685,5.257448407408539,0.9726967139878848,2
4.424659931433313,6.013494416957473,0.6784075179564452,2
1.8088382086061334,3.763379961686268,1.6141740484315608,2
2.0637321939315214,3.2732689398142316,3.8704657869567316,2
0.7920425939337588,3.9967184917441307,0.2023034758091009,2
2.586927066174021,4.345907046326242,1.4050847109875866,2
3.6648489773963973,3.908285050338468,1.872597440892621,2
2.1815356667136583,3.388952135905077,2.6826348112883904,2
3.3627632821517834,3.76790996646473,-2.6357815802256424,2
1.0661114962220373,4.234613846910551,3.1733476941966687,2
3.8479704697199417,6.280123442641653,0.024994999962115072,2
1.8889124012505083,8.32557721397126,1.848013062696255,2
0.47457429421110575,3.904466820030863,2.4815882892673375,2
4.4181308892293725,6.639137911865701,4.20635169583894,2
1.6006680853278206,4.508540509878848,1.8511884719497342,2
2.032515324731291,5.831990010284256,0.3164531609999759,2
-0.33548110508979345,4.468559954395224,2.659798946682132,2
3.2858860972215678,5.646288129352477,1.401513017603297,2
2.6426087425757396,6.6172582510861675,3.335569669265413,2
1.7996943418187492,5.358631541179533,1.6854592435139968,2
1.6476255270060463,4.134613016214532,1.3269617975019805,2
-0.9630571447671326,3.268673048978714,-0.1323091874450757,2
1.3327435035411368,4.153058156291408,1.2422074746160412,2
3.7057463124129937,5.014331758175589,3.2124741344386916,2
1.864878122076175,4.883318804614186,-0.5542635256338251,2
0.43552627805128497,6.795694044061829,3.889854488280007,2
2.2304041910244723,3.9425789736645145,0.3097759572314662,2
2.096753837729136,4.864665080280367,2.139874224236255,2
0.9824430542151443,3.7473487622014607,2.309242764897469,2
2.0721611983592947,3.3612611206020047,1.5619857960846408,2
1.066047231957602,1.16230780298413,-0.18926169144287774,2
3.3377623324196772,5.6740541941991065,2.1724167907946486,2
1.7158000564095743,4.5673448439316475,2.2264195615374907,2
2.6079034826438665,2.576616995854147,0.7162500253886442,2
3.3906695535385354,5.1768358458874655,1.2934815139075098,2
2.6863884409953465,6.832951699755553,1.3450568062267907,2
3.185946539880446,5.638958578906664,1.9929830767578878,2
4.344249996984242,6.232861273919418,1.92771228356062,2
1.605540503654177,5.898605037780121,3.029832294026206,2
2.6207512396330626,5.795759180622119,1.5153737683532462,2
3.1448766396621415,7.725558066666458,3.025496741097356,2
2.611321848571706,3.1341530034754648,2.5722951364543265,2
4.471764843263519,7.652232270014105,1.7729717797846523,2
2.766884764476248,3.217135530521543,1.5203561993420558,2
2.718110503430808,4.570890047330271,3.4332537289114127,2
3.4854193395162287,4.410008943406232,2.1676278457581697,2
3.1925265927307978,6.709128170472335,1.4450045367704594,2
1.722889562786908,6.081349390681868,0.6331714778741908,2
4.535422926423809,5.535828227815123,1.6102515409414064,2
2.5477399009072137,5.2721981415166175,1.1899401847809497,2
1.7168830198140737,3.1160663840179117,0.8203454396119045,2
2.1871853581116163,2.548023489246607,2.192519306978211,2
4.416122829985267,7.273819009144937,1.180697360930251,2
0.8806627060715779,5.476003650471968,2.7691653121342545,2
2.5281968249854536,6.375556343790887,2.5979217622901345,2
2.3078178481743006,3.602868606163662,0.8539731551598081,2
3.5179874342357342,5.258571679191741,4.008130508197231,2
4.066085670027537,6.181551046455781,0.6739227815128271,2
4.1076507017461505,4.2887780581071855,1.4916346813549235,2
2.224509786464994,5.152896342899476,1.8268020169727426,2
3.010063119061253,4.617482679024445,0.6151034804120431,2
3.665083311788843,4.073665148394591,0.10126514616229176,2
-0.45934722565051356,6.107300806946104,0.7876894144133506,2
1.8945347823707903,4.810391673838096,0.9807077226739823,2
2.9979701995387975,4.0026859238314705,2.053430289398202,2
2.4656064406955984,4.247312897580742,2.580432755285431,2
2.7462095364372514,5.59673464821035,0.9832654955803564,2
2.9408925619483135,5.8267383688362715,1.9091501951885346,2
0.9063955571067512,5.483842353851072,0.24153358699462002,2
3.186520181078758,5.7784810921334175,1.0517504360823464,2
2.9810491572678597,5.8026953046031915,0.5282825511642796,2
2.9526619737463387,7.2536119280028375,2.4214042932906876,2
3.2061406905090273,5.925859330504767,2.612582988152325,2
3.843881894450536,3.931529741658438,2.3818665235279033,2
2.603513959894439,5.762190241157557,1.2336442707124504,2
2.2299568753755983,6.336651678743392,2.2369866682108865,2
3.704117162658104,5.110417913851116,-0.8944567468408393,2
2.925605801886306,5.288593658988914,2.0819921717710757,2
1.8880951579621543,6.206997047519408,-1.0888581973639146,2
4.124532461003435,7.354310402211347,4.223122722028688,2
1.37361160097762,6.479170389555533,5.143157707473597,2
0.9112299461585605,5.222678712248257,1.5211271734298073,2
2.7552943202993365,6.623724792754279,1.7306722718276528,2
-0.5349891931331174,4.723072119527503,2.7015126009426673,2
2.609565456987125,6.74863343875246,2.161655689856919,2
0.6197069322567514,3.84636560938988,2.309298047785869,2
3.3477348113952106,4.6862053444224046,-0.5367008147567844,2
-0.5452959726785882,5.929896248749349,1.1299879920435347,2
2.731950393624867,3.2075205363691786,1.616444760290261,2
4.815042991126435,5.651864803535263,3.2316980104086097,2
2.4847761164348316,4.474962732985406,1.005729509233091,2
4.0799648149245105,7.453808667743778,1.264165843143882,2
0.2759103561249998,4.979773713867309,1.5612684752079022,2
2.296986300584132,2.2677309165542043,1.6107506217549208,2
1.6410025324648392,4.453240653933738,3.432759391992894,2
3.396085048162445,5.778241323333866,1.427954090392318,2
4.830523913174025,5.649734111183849,3.808847662419441,2
2.827531051761573,3.716121144443293,1.8420483917084427,2
1.8841536386045608,5.404160298422533,0.536971056400426,2
2.6730181032664544,5.267553987748086,0.07575356196973582,2
1.0856915276241859,3.7136001690879548,0.01519523588379701,2
2.1714820287864036,3.2498255036603263,1.4580707856977029,2
2.9168341953209604,5.070168057075191,2.0499304982069195,2
0.09292339361070612,5.192211391076615,2.06244759343009,2
1.554179908463166,4.122908963087846,0.617323896051978,2
1.1972482734313028,7.896357143207158,2.0263292488590903,2
1.5029720140087304,5.680013992986009,1.421147876732459,2
4.091205310702973,3.8405175461248753,2.5517951118128464,2
4.852021872821712,6.408010172841026,2.3237150714873707,2
2.8223574587310165,6.283534636716648,1.6298450963433406,2
3.9444004906848513,4.483445776211929,0.6391836403289757,2
0.9767785247827097,5.224422435457416,0.551721098439364,2
2.6385822935854097,6.260643017363037,-0.15217745728435106,2
2.5988597114680596,6.950581265715861,1.563007309443839,2
1.7889256753816243,6.814261808698418,1.544568922901993,2
2.8099797684634753,7.075983179392404,0.8910482604641621,2
3.3523472515001087,6.5603846498595715,3.537700600173992,2
2.274064563510363,5.197698498945352,2.004215692838271,2
4.106214974613365,7.0251778888135785,2.6155072393617873,2
2.8368125108791684,6.263445113498245,0.378434224675847,2
1.779978832680531,3.772708169423087,0.3813511959923068,2
3.1660907593226657,4.28025489791025,2.3309181046505136,2
3.138325549161365,5.703021719336064,3.4472338610560023,2
4.571238901366744,4.783318470300482,2.299258342367137,2
2.5623667592107173,6.250955158694023,0.5928022930124025,2
2.516272349104366,3.7615112890417928,1.1045556534278527,2
1.8678164219080489,5.423462740375605,3.469849093691044,2
3.9870983004985403,7.046113526349121,3.7687569925325177,2
4.539094890698642,4.246883724397005,0.5699920869800253,2
2.86218715870269,5.865102749316767,1.9168624360145716,2
2.3174808300220744,7.305184916284388,2.9690313111133557,2
3.536909118434184,7.753231891692188,2.7638612980623085,2
4.195461452612921,6.725684404490838,2.830670373249312,2
2.4759054475431928,4.333274979199058,1.9317775557636787,2
1.8572239323729076,4.648650566163038,0.2934440905769691,2
2.9192563333190904,5.077237449028888,0.07415060736739698,2
0.9223365425694903,2.271531193479824,0.4080649141590398,2
1.9999650132195874,6.9264430334218385,0.7615751454281368,2
2.0346547044388785,5.552060708193524,2.76326032190609,2
1.008235246289105,5.203828431499034,-1.1127399970119076,2
1.1073807370020794,2.880127155724742,-0.6378343198793575,2
2.1454904088371856,5.213373874148008,0.8564926129061056,2
1.6672832917967928,4.957058331972625,1.5552150019649265,2
1.8533824378750499,5.705062263426787,3.116604929964505,2
3.0692617451439035,3.7860128528828882,1.2062192966237073,2
2.4077202155275925,4.046677310694615,2.164282253047799,2
1.9773804168224762,7.264950729330515,2.536013899908795,2
2.9236220430833963,3.3804961231402615,0.3421080041525646,2
1.416383709421579,3.3695464914573625,1.586417264886041,2
3.164600188103484,5.278534027563507,0.9046186263676544,2
3.671922701200673,4.99217931840416,1.9118969507809889,2
2.1888520455532077,6.490671423449558,1.3790664823545562,2
4.437260244305705,7.832179615201335,3.5010508813813472,2
0.6117337736723176,4.765179497787167,2.516096083391294,2
4.169123667209476,8.56899903412021,1.4269592428393114,2
1.986548546053642,3.9972184879362973,-0.6253336779689049,2
2.9033482982023795,6.97775497879838,1.5406158985057894,2
0.9851887781514301,5.919793726243538,0.6989700055357487,2
3.597863844137562,8.200806959284854,2.5828228094328267,2
4.068365676968725,5.035803212662963,2.099101290309748,2
2.6899411137165945,5.025422393074956,2.2440362181423494,2
3.7757541070374145,6.411130234012774,2.637926781780629,2
0.1369256376724004,4.480619461573584,1.9606232925625744,2
3.3656193364439964,5.835957105169767,2.343653667024762,2
0.9651568806151192,3.3618181389606523,0.4927759279284958,2
2.85041729483346,2.7817417988602546,1.2341278320590872,2
0.6228569235914323,5.3717444076432415,1.3271395628115552,2
4.615177964469689,6.299369758885657,2.8433851497950853,2
2.819886785810286,1.9834966231341054,0.2760110159430289,2
2.4362648328806413,5.1589229342991585,3.2669038965015025,2
2.5827627483746474,4.238387475134959,1.359319967063756,2
4.107587669874702,3.8774385771985425,1.122309045977156,2
3.1665828583337974,4.04279552913871,0.810053672131188,2
2.5090326276954364,6.476919631930188,0.43466091082337766,2
1.141520588020585,3.4123773534813613,1.790044218940562,2
3.3906432917100635,6.131547011637261,1.6792754865511124,2
3.380800394863457,7.41030862482323,1.9796630031890594,2
2.2426096829115534,3.635667135517309,1.1113753444623593,2
2.3015086665497018,6.466194822348157,2.3315276984019153,2
2.842836791354265,4.490747869837985,-0.8147560450804594,2
-0.5317945205866814,4.222883557909577,1.5853253006503436,2
